;SIMILARITY SCORE;REVENUES;CAGR 3Y;EBITDA;EBITDA MARGIN;NET PROFIT;NFP;NFP / EBITDA;DESCRIPTION;NAME;Target M&A;Year of acquisition/merger;PROVINCE;CITY;ATECO;WEBSITE;EMPLOYEES;CEO AGE;OWNERSHIP TYPE;VAT NUMBER;FISCAL CODE;IS LISTED;IS HOLDING;FOREIGN OWNED;ADDRESS;COORDINATES;REVENUES RANGE;EMPLOYEES RANGE;REVENUES AVG 3Y;EBITDA AVG 3Y;EBITDA MARGIN AVG 3Y;NET PROFIT AVG 3Y;ROIC;ROE;NET INVESTED CAPITAL;REVENUES 2024;REVENUES 2023;REVENUES 2022;REVENUES 2021;EBITDA 2024;EBITDA 2023;EBITDA 2022;EBITDA 2021;EBITDA MARGIN 2024;EBITDA MARGIN 2023;EBITDA MARGIN 2022;EBITDA MARGIN 2021;NET PROFIT 2024;NET PROFIT 2023;NET PROFIT 2022;NET PROFIT 2021;NFP 2024;NFP 2023;NFP 2022;NFP 2021;NFP / EBITDA 2024;NFP / EBITDA 2023;NFP / EBITDA 2022;NFP / EBITDA 2021;ROIC 2024;ROIC 2023;ROIC 2022;ROIC 2021;ROE 2024;ROE 2023;ROE 2022;ROE 2021;NET INVESTED CAPITAL 2024;NET INVESTED CAPITAL 2023;NET INVESTED CAPITAL 2022;NET INVESTED CAPITAL 2021;BS DATE;BS DATE 2024;BS DATE 2023;BS DATE 2022;BS DATE 2021;Intangible Fixed Assets;Intangible Fixed Assets 2024;Intangible Fixed Assets 2023;Intangible Fixed Assets 2022;Intangible Fixed Assets 2021;Tangible Fixed Assets;Tangible Fixed Assets 2024;Tangible Fixed Assets 2023;Tangible Fixed Assets 2022;Tangible Fixed Assets 2021;Financial Fixed Assets;Financial Fixed Assets 2024;Financial Fixed Assets 2023;Financial Fixed Assets 2022;Financial Fixed Assets 2021;Total Fixed Assets;Total Fixed Assets 2024;Total Fixed Assets 2023;Total Fixed Assets 2022;Total Fixed Assets 2021;Inventory;Inventory 2024;Inventory 2023;Inventory 2022;Inventory 2021;Receivables;Receivables 2024;Receivables 2023;Receivables 2022;Receivables 2021;Payables;Payables 2024;Payables 2023;Payables 2022;Payables 2021;Working Capital;Working Capital 2024;Working Capital 2023;Working Capital 2022;Working Capital 2021;Other Operating Assets;Other Operating Assets 2024;Other Operating Assets 2023;Other Operating Assets 2022;Other Operating Assets 2021;Other Operating Liabilities;Other Operating Liabilities 2024;Other Operating Liabilities 2023;Other Operating Liabilities 2022;Other Operating Liabilities 2021;Other Operating Assets (liabilities);Other Operating Assets (liabilities) 2024;Other Operating Assets (liabilities) 2023;Other Operating Assets (liabilities) 2022;Other Operating Assets (liabilities) 2021;Other Financial Assets (liabilities);Other Financial Assets (liabilities) 2024;Other Financial Assets (liabilities) 2023;Other Financial Assets (liabilities) 2022;Other Financial Assets (liabilities) 2021;Uses;Uses 2024;Uses 2023;Uses 2022;Uses 2021;Debt;Debt 2024;Debt 2023;Debt 2022;Debt 2021;(Cash);(Cash) 2024;(Cash) 2023;(Cash) 2022;(Cash) 2021;Net Financial Position;Net Financial Position 2024;Net Financial Position 2023;Net Financial Position 2022;Net Financial Position 2021;Equity;Equity 2024;Equity 2023;Equity 2022;Equity 2021;Sources;Sources 2024;Sources 2023;Sources 2022;Sources 2021;Revenues;Revenues 2024;Revenues 2023;Revenues 2022;Revenues 2021;Other Revenues;Other Revenues 2024;Other Revenues 2023;Other Revenues 2022;Other Revenues 2021;Operating Revenues (Turnover);Operating Revenues (Turnover) 2024;Operating Revenues (Turnover) 2023;Operating Revenues (Turnover) 2022;Operating Revenues (Turnover) 2021;COGS;COGS 2024;COGS 2023;COGS 2022;COGS 2021;Gross Profit;Gross Profit 2024;Gross Profit 2023;Gross Profit 2022;Gross Profit 2021;Operating Expenses;Operating Expenses 2024;Operating Expenses 2023;Operating Expenses 2022;Operating Expenses 2021;Services;Services 2024;Services 2023;Services 2022;Services 2021;Personnel Expenses;Personnel Expenses 2024;Personnel Expenses 2023;Personnel Expenses 2022;Personnel Expenses 2021;Use of third-party assets;Use of third-party assets 2024;Use of third-party assets 2023;Use of third-party assets 2022;Use of third-party assets 2021;Other Operating Expenses;Other Operating Expenses 2024;Other Operating Expenses 2023;Other Operating Expenses 2022;Other Operating Expenses 2021;Provisions;Provisions 2024;Provisions 2023;Provisions 2022;Provisions 2021;Depreciation and Amortisation;Depreciation and Amortisation 2024;Depreciation and Amortisation 2023;Depreciation and Amortisation 2022;Depreciation and Amortisation 2021;EBIT;EBIT 2024;EBIT 2023;EBIT 2022;EBIT 2021;Financial Income;Financial Income 2024;Financial Income 2023;Financial Income 2022;Financial Income 2021;Financial Expenses;Financial Expenses 2024;Financial Expenses 2023;Financial Expenses 2022;Financial Expenses 2021;Net Financial Income (Expenses);Net Financial Income (Expenses) 2024;Net Financial Income (Expenses) 2023;Net Financial Income (Expenses) 2022;Net Financial Income (Expenses) 2021;Other Financial Gains (Expenses);Other Financial Gains (Expenses) 2024;Other Financial Gains (Expenses) 2023;Other Financial Gains (Expenses) 2022;Other Financial Gains (Expenses) 2021;EBT;EBT 2024;EBT 2023;EBT 2022;EBT 2021;Taxes;Taxes 2024;Taxes 2023;Taxes 2022;Taxes 2021;Net Income;Net Income 2024;Net Income 2023;Net Income 2022;Net Income 2021;(∆WC);(∆WC) 2024;(∆WC) 2023;(∆WC) 2022;(∆WC) 2021;(Taxes);(Taxes) 2024;(Taxes) 2023;(Taxes) 2022;(Taxes) 2021;(∆ Other Operating Assets);(∆ Other Operating Assets) 2024;(∆ Other Operating Assets) 2023;(∆ Other Operating Assets) 2022;(∆ Other Operating Assets) 2021;Operating Cash Flow;Operating Cash Flow 2024;Operating Cash Flow 2023;Operating Cash Flow 2022;Operating Cash Flow 2021;(CAPEX);(CAPEX) 2024;(CAPEX) 2023;(CAPEX) 2022;(CAPEX) 2021;(∆ Financial Fixed Assets);(∆ Financial Fixed Assets) 2024;(∆ Financial Fixed Assets) 2023;(∆ Financial Fixed Assets) 2022;(∆ Financial Fixed Assets) 2021;(∆ Intangible Fixed Assets);(∆ Intangible Fixed Assets) 2024;(∆ Intangible Fixed Assets) 2023;(∆ Intangible Fixed Assets) 2022;(∆ Intangible Fixed Assets) 2021;Investing Cash Flow;Investing Cash Flow 2024;Investing Cash Flow 2023;Investing Cash Flow 2022;Investing Cash Flow 2021;∆ Debt;∆ Debt 2024;∆ Debt 2023;∆ Debt 2022;∆ Debt 2021;(∆ Other Financial Assets);(∆ Other Financial Assets) 2024;(∆ Other Financial Assets) 2023;(∆ Other Financial Assets) 2022;(∆ Other Financial Assets) 2021;Financial profit (expenses);Financial profit (expenses) 2024;Financial profit (expenses) 2023;Financial profit (expenses) 2022;Financial profit (expenses) 2021;∆ Equity;∆ Equity 2024;∆ Equity 2023;∆ Equity 2022;∆ Equity 2021;Financing Cash Flow;Financing Cash Flow 2024;Financing Cash Flow 2023;Financing Cash Flow 2022;Financing Cash Flow 2021;Net Cash Flow;Net Cash Flow 2024;Net Cash Flow 2023;Net Cash Flow 2022;Net Cash Flow 2021;VAT NUMBER OWNER 1;NAME OWNER 1;PERCENTAGE OWNER 1;VAT NUMBER OWNER 2;NAME OWNER 2;PERCENTAGE OWNER 2;VAT NUMBER OWNER 3;NAME OWNER 3;PERCENTAGE OWNER 3;VAT NUMBER OWNER 4;NAME OWNER 4;PERCENTAGE OWNER 4;VAT NUMBER OWNER 5;NAME OWNER 5;PERCENTAGE OWNER 5;VAT NUMBER CONTROLLING OWNER 1;NAME CONTROLLING OWNER 1;PERCENTAGE CONTROLLING OWNER 1;VAT NUMBER CONTROLLING OWNER 2;NAME CONTROLLING OWNER 2;PERCENTAGE CONTROLLING OWNER 2;VAT NUMBER CONTROLLING OWNER 3;NAME CONTROLLING OWNER 3;PERCENTAGE CONTROLLING OWNER 3;VAT NUMBER CONTROLLING OWNER 4;NAME CONTROLLING OWNER 4;PERCENTAGE CONTROLLING OWNER 4;VAT NUMBER CONTROLLING OWNER 5;NAME CONTROLLING OWNER 5;PERCENTAGE CONTROLLING OWNER 5;VAT NUMBER SUBSIDIARY 1;NAME SUBSIDIARY 1;PERCENTAGE SUBSIDIARY 1;VAT NUMBER SUBSIDIARY 2;NAME SUBSIDIARY 2;PERCENTAGE SUBSIDIARY 2;VAT NUMBER SUBSIDIARY 3;NAME SUBSIDIARY 3;PERCENTAGE SUBSIDIARY 3;VAT NUMBER SUBSIDIARY 4;NAME SUBSIDIARY 4;PERCENTAGE SUBSIDIARY 4;VAT NUMBER SUBSIDIARY 5;NAME SUBSIDIARY 5;PERCENTAGE SUBSIDIARY 5;NAME MANAGER 1;POSITION MANAGER 1;AGE MANAGER 1;NAME MANAGER 2;POSITION MANAGER 2;AGE MANAGER 2;NAME MANAGER 3;POSITION MANAGER 3;AGE MANAGER 3;NAME MANAGER 4;POSITION MANAGER 4;AGE MANAGER 4;NAME MANAGER 5;POSITION MANAGER 5;AGE MANAGER 5;;;;;;;;;;
;;;;;;;;;;;;;;;;;;;;;;;;;;;;;;;;;;;;;;;;;;;;;;;;;;;;;;;;;;;;;;;;;;;;;;;;;;;;;;;;;;;;;;;;;;;;;;;;;;;;;;;;;;;;;;;;;;;;;;;;;;;;;;;;;;;;;;;;;;;;;;;;;;;;;;;;;;;;;;;;;;;;;;;;;;;;;;;;;;;;;;;;;;;;;;;;;;;;;;;;;;;;;;;;;;;;;;;;;;;;;;;;;;;;;;;;;;;;;;;;;;;;;;;;;;;;;;;;;;;;;;;;;;;;;;;;;;;;;;;;;;;;;;;;;;;;;;;;;;;;;;;;;;;;;;;;;;;;;;;;;;;;;;;;;;;;;;;;;;;;;;;;;;;;;;;;;;;;;;;;;;;;;;;;;;;;;;;;;;;;;;;;;;;;;;;;;;;;;;;;;;;;;;
2102;0,00%;€0,00;n.a.;-€1 918,00;0,00%;-€2 084,00;-€6 417,00;-3,35x;Azienda di ospitalità che gestisce otto hotel e resort di lusso a 4 e 5 stelle in Italia, con proprietà a Venezia, Firenze, Roma e nella regione del Monferrato. L'azienda fornisce anche soluzioni digitali, consulenza IT e servizi di cybersecurity tramite una consociata.;LDC HOLDING S.R.L.;0;0;Roma;Roma (RM);6421;n.a.;1;47;individual;17149391009;17149391009;FAUX;VRAI;FAUX;Roma (RM), Lazio;41.8931, 12.4873;0;1;€0,00;-€1 918,00;n.a.;-€2 084,00;-0,81%;-0,79%;€258 098,00;n.a.;€0,00;n.a.;n.a.;n.a.;-€1 918,00;n.a.;n.a.;n.a.;0,00%;n.a.;n.a.;n.a.;-€2 084,00;n.a.;n.a.;n.a.;-€6 417,00;n.a.;n.a.;n.a.;-3,35x;n.a.;n.a.;n.a.;-0,81%;n.a.;n.a.;n.a.;-0,79%;n.a.;n.a.;n.a.;n.a.;n.a.;n.a.;31/12/2023;n.a.;31/12/2023;n.a.;n.a.;€1 494,00;n.a.;€1 494,00;n.a.;n.a.;€0,00;n.a.;€0,00;n.a.;n.a.;€256 600,00;n.a.;€256 600,00;n.a.;n.a.;€258 094,00;n.a.;€258 094,00;n.a.;n.a.;€0,00;n.a.;€0,00;n.a.;n.a.;€4,00;n.a.;€4,00;n.a.;n.a.;€0,00;n.a.;€0,00;n.a.;n.a.;€4,00;n.a.;€4,00;n.a.;n.a.;€0,00;n.a.;€0,00;n.a.;n.a.;€0,00;n.a.;€0,00;n.a.;n.a.;€0,00;n.a.;€0,00;n.a.;n.a.;€0,00;n.a.;€0,00;n.a.;n.a.;€258 098,00;n.a.;€258 098,00;n.a.;n.a.;€1 325,00;n.a.;€1 325,00;n.a.;n.a.;-€7 742,00;n.a.;-€7 742,00;n.a.;n.a.;-€6 417,00;n.a.;-€6 417,00;n.a.;n.a.;€264 515,00;n.a.;€264 515,00;n.a.;n.a.;€258 098,00;n.a.;€258 098,00;n.a.;n.a.;€0,00;n.a.;€0,00;n.a.;n.a.;€0,00;n.a.;€0,00;n.a.;n.a.;€0,00;n.a.;€0,00;n.a.;n.a.;€0,00;n.a.;€0,00;n.a.;n.a.;€0,00;n.a.;€0,00;n.a.;n.a.;-€1 314,00;n.a.;-€1 314,00;n.a.;n.a.;-€1 314,00;n.a.;-€1 314,00;n.a.;n.a.;€0,00;n.a.;€0,00;n.a.;n.a.;€0,00;n.a.;€0,00;n.a.;n.a.;-€604,00;n.a.;-€604,00;n.a.;n.a.;€0,00;n.a.;€0,00;n.a.;n.a.;-€166,00;n.a.;-€166,00;n.a.;n.a.;-€2 084,00;n.a.;-€2 084,00;n.a.;n.a.;€0,00;n.a.;€0,00;n.a.;n.a.;€0,00;n.a.;€0,00;n.a.;n.a.;€0,00;n.a.;€0,00;n.a.;n.a.;€0,00;n.a.;€0,00;n.a.;n.a.;-€2 084,00;n.a.;-€2 084,00;n.a.;n.a.;€0,00;n.a.;€0,00;n.a.;n.a.;-€2 084,00;n.a.;-€2 084,00;n.a.;n.a.;n.a.;n.a.;n.a.;n.a.;n.a.;n.a.;n.a.;n.a.;n.a.;n.a.;n.a.;n.a.;n.a.;n.a.;n.a.;n.a.;n.a.;n.a.;n.a.;n.a.;n.a.;n.a.;n.a.;n.a.;n.a.;n.a.;n.a.;n.a.;n.a.;n.a.;n.a.;n.a.;n.a.;n.a.;n.a.;n.a.;n.a.;n.a.;n.a.;n.a.;n.a.;n.a.;n.a.;n.a.;n.a.;n.a.;n.a.;n.a.;n.a.;n.a.;n.a.;n.a.;n.a.;n.a.;n.a.;n.a.;n.a.;n.a.;n.a.;n.a.;n.a.;n.a.;n.a.;n.a.;n.a.;n.a.;n.a.;n.a.;n.a.;n.a.;DLCPQL78S01L113H;DEL CIOPPO PASQUALE;€1,00;;;;;;;;;;;;;DLCPQL78S01L113H;DEL CIOPPO PASQUALE;1;;;;;;;;;;;;;IT10762091006;KEY PARTNER S.R.L.;0,87;;;;;;;;;;;;;DEL CIOPPO PASQUALE  LINO;AMMINISTRATORE UNICO;47;;;;;;;;;;;;;;;;;;;;;;
;;;;;;;;;;;;;;;;;;;;;;;;;;;;;;;;;;;;;;;;;;;;;;;;;;;;;;;;;;;;;;;;;;;;;;;;;;;;;;;;;;;;;;;;;;;;;;;;;;;;;;;;;;;;;;;;;;;;;;;;;;;;;;;;;;;;;;;;;;;;;;;;;;;;;;;;;;;;;;;;;;;;;;;;;;;;;;;;;;;;;;;;;;;;;;;;;;;;;;;;;;;;;;;;;;;;;;;;;;;;;;;;;;;;;;;;;;;;;;;;;;;;;;;;;;;;;;;;;;;;;;;;;;;;;;;;;;;;;;;;;;;;;;;;;;;;;;;;;;;;;;;;;;;;;;;;;;;;;;;;;;;;;;;;;;;;;;;;;;;;;;;;;;;;;;;;;;;;;;;;;;;;;;;;;;;;;;;;;;;;;;;;;;;;;;;;;;;;;;;;;;;;;;
2104;0,00%;€0,00;n.a.;-€522,00;0,00%;-€522,00;-€300,00;-0,58x;This aerospace infrastructure provider specializes in the development, construction, and management of ground facilities for orbital launches and space testing. The company manufactures specialized aerospace equipment, including cryogenic fueled ground support systems, and provides comprehensive infrastructure services for defense and commercial space missions. By functioning as an airport-style operator for the space industry, it supports both proprietary and third-party orbital access requirements for the European space sector.;ORBITAL LAUNCH MEANS SRL;1;2018;Roma;Roma (RM);721029;n.a.;0;33;family;17383411000;17383411000;FAUX;FAUX;FAUX;Roma (RM), Lazio;41.8967, 12.4822;0;1;€0,00;-€522,00;n.a.;-€522,00;-5,65%;-5,47%;€9 241,00;€0,00;n.a.;n.a.;n.a.;-€522,00;n.a.;n.a.;n.a.;0,00%;n.a.;n.a.;n.a.;-€522,00;n.a.;n.a.;n.a.;-€300,00;n.a.;n.a.;n.a.;-0,57x;n.a.;n.a.;n.a.;-5,65%;n.a.;n.a.;n.a.;-5,47%;n.a.;n.a.;n.a.;n.a.;n.a.;n.a.;n.a.;31/12/2024;31/12/2024;n.a.;n.a.;n.a.;€1 400,00;€1 400,00;n.a.;n.a.;n.a.;€0,00;€0,00;n.a.;n.a.;n.a.;€0,00;€0,00;n.a.;n.a.;n.a.;€1 400,00;€1 400,00;n.a.;n.a.;n.a.;€0,00;€0,00;n.a.;n.a.;n.a.;€0,00;€0,00;n.a.;n.a.;n.a.;€0,00;€0,00;n.a.;n.a.;n.a.;€0,00;€0,00;n.a.;n.a.;n.a.;€341,00;€341,00;n.a.;n.a.;n.a.;€0,00;€0,00;n.a.;n.a.;n.a.;€341,00;€341,00;n.a.;n.a.;n.a.;€7 500,00;€7 500,00;n.a.;n.a.;n.a.;€9 241,00;€9 241,00;n.a.;n.a.;n.a.;€0,00;€0,00;n.a.;n.a.;n.a.;-€300,00;-€300,00;n.a.;n.a.;n.a.;-€300,00;-€300,00;n.a.;n.a.;n.a.;€9 541,00;€9 541,00;n.a.;n.a.;n.a.;€9 241,00;€9 241,00;n.a.;n.a.;n.a.;€0,00;€0,00;n.a.;n.a.;n.a.;€0,00;€0,00;n.a.;n.a.;n.a.;€0,00;€0,00;n.a.;n.a.;n.a.;€0,00;€0,00;n.a.;n.a.;n.a.;€0,00;€0,00;n.a.;n.a.;n.a.;€0,00;€0,00;n.a.;n.a.;n.a.;€0,00;€0,00;n.a.;n.a.;n.a.;€0,00;€0,00;n.a.;n.a.;n.a.;€0,00;€0,00;n.a.;n.a.;n.a.;-€522,00;-€522,00;n.a.;n.a.;n.a.;€0,00;€0,00;n.a.;n.a.;n.a.;€0,00;€0,00;n.a.;n.a.;n.a.;-€522,00;-€522,00;n.a.;n.a.;n.a.;€0,00;€0,00;n.a.;n.a.;n.a.;€0,00;€0,00;n.a.;n.a.;n.a.;€0,00;€0,00;n.a.;n.a.;n.a.;€0,00;€0,00;n.a.;n.a.;n.a.;-€522,00;-€522,00;n.a.;n.a.;n.a.;€0,00;€0,00;n.a.;n.a.;n.a.;-€522,00;-€522,00;n.a.;n.a.;n.a.;n.a.;n.a.;n.a.;n.a.;n.a.;n.a.;n.a.;n.a.;n.a.;n.a.;n.a.;n.a.;n.a.;n.a.;n.a.;n.a.;n.a.;n.a.;n.a.;n.a.;n.a.;n.a.;n.a.;n.a.;n.a.;n.a.;n.a.;n.a.;n.a.;n.a.;n.a.;n.a.;n.a.;n.a.;n.a.;n.a.;n.a.;n.a.;n.a.;n.a.;n.a.;n.a.;n.a.;n.a.;n.a.;n.a.;n.a.;n.a.;n.a.;n.a.;n.a.;n.a.;n.a.;n.a.;n.a.;n.a.;n.a.;n.a.;n.a.;n.a.;n.a.;n.a.;n.a.;n.a.;n.a.;n.a.;n.a.;n.a.;n.a.;n.a.;DRELRT93E26F839N;DE IORIO ALBERTO;€0,80;DREMLS93A43H501T;DE IORIO MARIA LUISA;€0,20;;;;;;;;;;DRELRT93E26F839N;DE IORIO ALBERTO;0,8;;;;;;;;;;;;;;;;;;;;;;;;;;;;DE IORIO ALBERTO;AMMINISTRATORE UNICO;32;;;;;;;;;;;;;;;;;;;;;;
2105;0,00%;€0,00;n.a.;-€34 969,00;0,00%;-€55 270,00;€15 246 385,00;-436,00x;Servizi fiduciari digitali e soluzioni software, tra cui firme digitali, posta elettronica certificata, gestione documentale, conservazione digitale, identità SPID, certificati SSL, fatturazione elettronica, customer onboarding, cloud computing, cybersecurity, analisi del credito e software per l'edilizia per PMI, professionisti, pubblica amministrazione e assicurazioni. Certificazioni: Qualified Trust Services Provider (QTSP) ai sensi del Regolamento UE 910/2014 (eIDAS);NAMIRIAL HOLDING S.P.A.;1;2025;Ancona;Senigallia (AN);6421;n.a.;n.a.;58;PE;02904410426;02904410426;FAUX;VRAI;FAUX;Senigallia (AN), Marche;43.6931, 13.1995;0;n.a.;€1,67;-€37 049,33;-2222515,50%;-€41 763,00;-0,03%;-0,05%;€126 026 540,00;€0,00;€0,00;€0,00;n.a.;-€34 969,00;-€27 331,00;-€48 848,00;n.a.;0,00%;0,00%;-976960,00%;n.a.;-€55 270,00;-€28 466,00;-€41 553,00;n.a.;€15 246 385,00;€159 849,00;€118 274,00;n.a.;-436,00x;-5,85x;-2,42x;n.a.;-0,03%;-0,02%;-0,03%;n.a.;-0,05%;-0,03%;-0,04%;n.a.;n.a.;n.a.;n.a.;n.a.;31/12/2024;31/12/2024;31/12/2023;31/12/2022;n.a.;€1 457,00;€1 457,00;€2 186,00;€2 915,00;n.a.;€0,00;€0,00;€0,00;€0,00;n.a.;€126 006 946,00;€126 006 946,00;€110 907 354,00;€110 771 036,00;n.a.;€126 008 403,00;€126 008 403,00;€110 909 540,00;€110 773 951,00;n.a.;€0,00;€0,00;€0,00;€0,00;n.a.;€36 986,00;€36 986,00;€0,00;€13 113,00;n.a.;-€41 204,00;-€41 204,00;-€36 306,00;-€32 145,00;n.a.;-€4 218,00;-€4 218,00;-€36 306,00;-€19 032,00;n.a.;€23 076,00;€23 076,00;€23 076,00;€0,00;n.a.;-€721,00;-€721,00;-€627,00;-€316,00;n.a.;€22 355,00;€22 355,00;€22 449,00;-€316,00;n.a.;€0,00;€0,00;€0,00;€0,00;n.a.;€126 026 540,00;€126 026 540,00;€110 895 683,00;€110 754 603,00;n.a.;€15 254 384,00;€15 254 384,00;€170 000,00;€150 000,00;n.a.;-€7 999,00;-€7 999,00;-€10 151,00;-€31 726,00;n.a.;€15 246 385,00;€15 246 385,00;€159 849,00;€118 274,00;n.a.;€110 780 155,00;€110 780 155,00;€110 735 834,00;€110 636 329,00;n.a.;€126 026 540,00;€126 026 540,00;€110 895 683,00;€110 754 603,00;n.a.;€0,00;€0,00;€0,00;€0,00;n.a.;€0,00;€0,00;€0,00;€5,00;n.a.;€0,00;€0,00;€0,00;€5,00;n.a.;€0,00;€0,00;€0,00;€0,00;n.a.;€0,00;€0,00;€0,00;€5,00;n.a.;-€34 309,00;-€34 309,00;-€26 677,00;-€48 848,00;n.a.;-€34 309,00;-€34 309,00;-€26 677,00;-€48 848,00;n.a.;€0,00;€0,00;€0,00;€0,00;n.a.;€0,00;€0,00;€0,00;€0,00;n.a.;-€660,00;-€660,00;-€654,00;-€5,00;n.a.;€0,00;€0,00;€0,00;€0,00;n.a.;-€729,00;-€729,00;-€729,00;-€729,00;n.a.;-€35 698,00;-€35 698,00;-€28 060,00;-€49 577,00;n.a.;€36 986,00;€36 986,00;€0,00;€0,00;n.a.;-€56 558,00;-€56 558,00;-€9 393,00;-€5 089,00;n.a.;-€19 572,00;-€19 572,00;-€9 393,00;-€5 089,00;n.a.;€0,00;€0,00;€0,00;€0,00;n.a.;-€55 270,00;-€55 270,00;-€37 453,00;-€54 666,00;n.a.;€0,00;€0,00;€8 987,00;€13 113,00;n.a.;-€55 270,00;-€55 270,00;-€28 466,00;-€41 553,00;n.a.;-€32 088,00;-€32 088,00;€17 274,00;n.a.;n.a.;€0,00;€0,00;€8 987,00;n.a.;n.a.;€94,00;€94,00;-€22 765,00;n.a.;n.a.;-€66 963,00;-€66 963,00;-€23 835,00;n.a.;n.a.;-€729,00;-€729,00;-€729,00;n.a.;n.a.;-€15 099 592,00;-€15 099 592,00;-€136 318,00;n.a.;n.a.;€729,00;€729,00;€729,00;n.a.;n.a.;-€15 099 592,00;-€15 099 592,00;-€136 318,00;n.a.;n.a.;€15 084 384,00;€15 084 384,00;€20 000,00;n.a.;n.a.;€0,00;€0,00;€0,00;n.a.;n.a.;-€19 572,00;-€19 572,00;-€9 393,00;n.a.;n.a.;€99 591,00;€99 591,00;€127 971,00;n.a.;n.a.;€15 164 403,00;€15 164 403,00;€138 578,00;n.a.;n.a.;-€2 152,00;-€2 152,00;-€21 575,00;n.a.;n.a.;IT11089180969;TOPCO34 S.R.L.;€0,65;IT14166790965;INK  BC  BIDCO S.P.A.;€0,35;;;;;;;;;;;BAIN CAPITAL EUROPE VI ITALIAN S.A R.L.  SICAV-RAIF;0,7025;IT13884130967;INK  BC  TOPCO S.P.A.;0,6779;IT14254460968;INK  BC  HOLDCO S.P.A.;1;IT14159670968;INK  BC  FINCO S.P.A.;1;IT14166790965;INK  BC  BIDCO S.P.A.;1;IT02046570426;NAMIRIAL S.P.A.;0,9827;;;;;;;;;;;;;DE ANTONI ALBERTO;CONSIGLIERE, PRESIDENTE CONSIGLIO AMMINISTRAZIONE;36;PELLEGRINI MASSIMILIANO;CONSIGLIERE, AMMINISTRATORE DELEGATO;58;CAMERA GIOVANNI;CONSIGLIERE;42;WILDHAGEN HENDRIK;CONSIGLIERE;38;VILLANUCCI CARLO;SINDACO SUPPLENTE;40;;;;;;;;;;
;;;;;;;;;;;;;;;;;;;;;;;;;;;;;;;;;;;;;;;;;;;;;;;;;;;;;;;;;;;;;;;;;;;;;;;;;;;;;;;;;;;;;;;;;;;;;;;;;;;;;;;;;;;;;;;;;;;;;;;;;;;;;;;;;;;;;;;;;;;;;;;;;;;;;;;;;;;;;;;;;;;;;;;;;;;;;;;;;;;;;;;;;;;;;;;;;;;;;;;;;;;;;;;;;;;;;;;;;;;;;;;;;;;;;;;;;;;;;;;;;;;;;;;;;;;;;;;;;;;;;;;;;;;;;;;;;;;;;;;;;;;;;;;;;;;;;;;;;;;;;;;;;;;;;;;;;;;;;;;;;;;;;;;;;;;;;;;;;;;;;;;;;;;;;;;;;;;;;;;;;;;;;;;;;;;;;;;;;;;;;;;;;;;;;;;;;;;;;;;;;;;;;;
;;;;;;;;;;;;;;;;;;;;;;;;;;;;;;;;;;;;;;;;;;;;;;;;;;;;;;;;;;;;;;;;;;;;;;;;;;;;;;;;;;;;;;;;;;;;;;;;;;;;;;;;;;;;;;;;;;;;;;;;;;;;;;;;;;;;;;;;;;;;;;;;;;;;;;;;;;;;;;;;;;;;;;;;;;;;;;;;;;;;;;;;;;;;;;;;;;;;;;;;;;;;;;;;;;;;;;;;;;;;;;;;;;;;;;;;;;;;;;;;;;;;;;;;;;;;;;;;;;;;;;;;;;;;;;;;;;;;;;;;;;;;;;;;;;;;;;;;;;;;;;;;;;;;;;;;;;;;;;;;;;;;;;;;;;;;;;;;;;;;;;;;;;;;;;;;;;;;;;;;;;;;;;;;;;;;;;;;;;;;;;;;;;;;;;;;;;;;;;;;;;;;;;
;;;;;;;;;;;;;;;;;;;;;;;;;;;;;;;;;;;;;;;;;;;;;;;;;;;;;;;;;;;;;;;;;;;;;;;;;;;;;;;;;;;;;;;;;;;;;;;;;;;;;;;;;;;;;;;;;;;;;;;;;;;;;;;;;;;;;;;;;;;;;;;;;;;;;;;;;;;;;;;;;;;;;;;;;;;;;;;;;;;;;;;;;;;;;;;;;;;;;;;;;;;;;;;;;;;;;;;;;;;;;;;;;;;;;;;;;;;;;;;;;;;;;;;;;;;;;;;;;;;;;;;;;;;;;;;;;;;;;;;;;;;;;;;;;;;;;;;;;;;;;;;;;;;;;;;;;;;;;;;;;;;;;;;;;;;;;;;;;;;;;;;;;;;;;;;;;;;;;;;;;;;;;;;;;;;;;;;;;;;;;;;;;;;;;;;;;;;;;;;;;;;;;;
2109;0,00%;€0,00;n.a.;-€1 666,00;0,00%;-€1 666,00;€520,00;-0,31x;This software company provides an integrated digital ecosystem focused on automating human resources management and customer relationship management. Its core offerings include platforms for data security, user identity verification, and the automated generation of certified business reports. By leveraging proprietary algorithms and blockchain technology, the company streamlines administrative workflows and data processing for organizations seeking to optimize their internal management and client-facing operations.;SIMPL S.R.L.;0;0;Varese;Gallarate (VA);621;n.a.;0;21;family;03951480122;03951480122;FAUX;FAUX;FAUX;Gallarate (VA), Lombardia;45.6624, 8.7921;0;1;€0,00;-€1 076,00;n.a.;-€1 076,00;0,00%;320,38%;€0,00;€0,00;€0,00;n.a.;n.a.;-€1 666,00;-€486,00;n.a.;n.a.;0,00%;0,00%;n.a.;n.a.;-€1 666,00;-€486,00;n.a.;n.a.;€520,00;-€129,00;n.a.;n.a.;-0,31x;-0,27x;n.a.;n.a.;0,00%;0,00%;n.a.;n.a.;320,38%;-376,74%;n.a.;n.a.;n.a.;n.a.;n.a.;n.a.;31/12/2024;31/12/2024;31/12/2023;n.a.;n.a.;€0,00;€0,00;€0,00;n.a.;n.a.;€0,00;€0,00;€0,00;n.a.;n.a.;€0,00;€0,00;€0,00;n.a.;n.a.;€0,00;€0,00;€0,00;n.a.;n.a.;€0,00;€0,00;€0,00;n.a.;n.a.;€0,00;€0,00;€0,00;n.a.;n.a.;€0,00;€0,00;€0,00;n.a.;n.a.;€0,00;€0,00;€0,00;n.a.;n.a.;€0,00;€0,00;€0,00;n.a.;n.a.;€0,00;€0,00;€0,00;n.a.;n.a.;€0,00;€0,00;€0,00;n.a.;n.a.;€0,00;€0,00;€0,00;n.a.;n.a.;€0,00;€0,00;€0,00;n.a.;n.a.;€520,00;€520,00;€0,00;n.a.;n.a.;€0,00;€0,00;-€129,00;n.a.;n.a.;€520,00;€520,00;-€129,00;n.a.;n.a.;-€520,00;-€520,00;€129,00;n.a.;n.a.;€0,00;€0,00;€0,00;n.a.;n.a.;€0,00;€0,00;€0,00;n.a.;n.a.;€0,00;€0,00;€0,00;n.a.;n.a.;€0,00;€0,00;€0,00;n.a.;n.a.;€0,00;€0,00;€0,00;n.a.;n.a.;€0,00;€0,00;€0,00;n.a.;n.a.;-€1 353,00;-€1 353,00;-€485,00;n.a.;n.a.;-€1 322,00;-€1 322,00;-€208,00;n.a.;n.a.;€0,00;€0,00;€0,00;n.a.;n.a.;-€31,00;-€31,00;-€277,00;n.a.;n.a.;-€313,00;-€313,00;-€1,00;n.a.;n.a.;€0,00;€0,00;€0,00;n.a.;n.a.;€0,00;€0,00;€0,00;n.a.;n.a.;-€1 666,00;-€1 666,00;-€486,00;n.a.;n.a.;€0,00;€0,00;€0,00;n.a.;n.a.;€0,00;€0,00;€0,00;n.a.;n.a.;€0,00;€0,00;€0,00;n.a.;n.a.;€0,00;€0,00;€0,00;n.a.;n.a.;-€1 666,00;-€1 666,00;-€486,00;n.a.;n.a.;€0,00;€0,00;€0,00;n.a.;n.a.;-€1 666,00;-€1 666,00;-€486,00;n.a.;n.a.;€0,00;€0,00;n.a.;n.a.;n.a.;€0,00;€0,00;n.a.;n.a.;n.a.;€0,00;€0,00;n.a.;n.a.;n.a.;-€1 666,00;-€1 666,00;n.a.;n.a.;n.a.;€0,00;€0,00;n.a.;n.a.;n.a.;€0,00;€0,00;n.a.;n.a.;n.a.;€0,00;€0,00;n.a.;n.a.;n.a.;€0,00;€0,00;n.a.;n.a.;n.a.;€520,00;€520,00;n.a.;n.a.;n.a.;€0,00;€0,00;n.a.;n.a.;n.a.;€0,00;€0,00;n.a.;n.a.;n.a.;€1 017,00;€1 017,00;n.a.;n.a.;n.a.;€1 537,00;€1 537,00;n.a.;n.a.;n.a.;-€129,00;-€129,00;n.a.;n.a.;n.a.;FGLNCL04T28A345M;FUGALLO NICOLO';€0,53;SCRRFL99H28F784O;SCARANO RAFFAELE;€0,20;GNLLMR00C31A944R;AGNOLI LUCA MARCO;€0,15;IT04294001203;ALGIGA HOLDING SRL;0,03;IT05021540280;HBO S.R.L.;0,03;FGLNCL04T28A345M;FUGALLO NICOLO';0,53;;;;;;;;;;;;;;;;;;;;;;;;;;;;FUGALLO NICOLO';AMMINISTRATORE UNICO;21;;;;;;;;;;;;;;;;;;;;;;
;;;;;;;;;;;;;;;;;;;;;;;;;;;;;;;;;;;;;;;;;;;;;;;;;;;;;;;;;;;;;;;;;;;;;;;;;;;;;;;;;;;;;;;;;;;;;;;;;;;;;;;;;;;;;;;;;;;;;;;;;;;;;;;;;;;;;;;;;;;;;;;;;;;;;;;;;;;;;;;;;;;;;;;;;;;;;;;;;;;;;;;;;;;;;;;;;;;;;;;;;;;;;;;;;;;;;;;;;;;;;;;;;;;;;;;;;;;;;;;;;;;;;;;;;;;;;;;;;;;;;;;;;;;;;;;;;;;;;;;;;;;;;;;;;;;;;;;;;;;;;;;;;;;;;;;;;;;;;;;;;;;;;;;;;;;;;;;;;;;;;;;;;;;;;;;;;;;;;;;;;;;;;;;;;;;;;;;;;;;;;;;;;;;;;;;;;;;;;;;;;;;;;;
;;;;;;;;;;;;;;;;;;;;;;;;;;;;;;;;;;;;;;;;;;;;;;;;;;;;;;;;;;;;;;;;;;;;;;;;;;;;;;;;;;;;;;;;;;;;;;;;;;;;;;;;;;;;;;;;;;;;;;;;;;;;;;;;;;;;;;;;;;;;;;;;;;;;;;;;;;;;;;;;;;;;;;;;;;;;;;;;;;;;;;;;;;;;;;;;;;;;;;;;;;;;;;;;;;;;;;;;;;;;;;;;;;;;;;;;;;;;;;;;;;;;;;;;;;;;;;;;;;;;;;;;;;;;;;;;;;;;;;;;;;;;;;;;;;;;;;;;;;;;;;;;;;;;;;;;;;;;;;;;;;;;;;;;;;;;;;;;;;;;;;;;;;;;;;;;;;;;;;;;;;;;;;;;;;;;;;;;;;;;;;;;;;;;;;;;;;;;;;;;;;;;;;
2112;0,00%;€0,00;n.a.;-€11 546,00;0,00%;-€11 552,00;€9 446,00;-0,82x;Software development firm specializing in digital onboarding and regulatory compliance platforms. The company provides software tools for customer interaction management, automated regulatory adherence solutions, and distributed ledger technology for secure information validation. These products serve financial and enterprise sectors, facilitating streamlined digital identity verification and data governance processes while ensuring compliance with international data protection standards.;MIPPO S.R.L.;0;0;Milano;Milano (MI);621;n.a.;0;40;individual;11842910967;11842910967;FAUX;FAUX;FAUX;Milano (MI), Lombardia;45.4709, 9.1876;0;1;€0,00;-€8 896,00;n.a.;-€8 899,00;-436,03%;169,93%;€2 648,00;n.a.;n.a.;€0,00;€0,00;n.a.;n.a.;-€11 546,00;-€6 246,00;n.a.;n.a.;0,00%;0,00%;n.a.;n.a.;-€11 552,00;-€6 246,00;n.a.;n.a.;€9 446,00;-€4 578,00;n.a.;n.a.;-0,82x;-0,73x;n.a.;n.a.;-436,03%;-3548,86%;n.a.;n.a.;169,93%;-131,38%;n.a.;n.a.;n.a.;n.a.;31/12/2022;n.a.;n.a.;31/12/2022;31/12/2021;€0,00;n.a.;n.a.;€0,00;€0,00;€0,00;n.a.;n.a.;€0,00;€0,00;€0,00;n.a.;n.a.;€0,00;€0,00;€0,00;n.a.;n.a.;€0,00;€0,00;€0,00;n.a.;n.a.;€0,00;€0,00;€2 648,00;n.a.;n.a.;€2 648,00;€686,00;€0,00;n.a.;n.a.;€0,00;€0,00;€2 648,00;n.a.;n.a.;€2 648,00;€686,00;€0,00;n.a.;n.a.;€0,00;€0,00;€0,00;n.a.;n.a.;€0,00;-€510,00;€0,00;n.a.;n.a.;€0,00;-€510,00;€0,00;n.a.;n.a.;€0,00;€0,00;€2 648,00;n.a.;n.a.;€2 648,00;€176,00;€9 446,00;n.a.;n.a.;€9 446,00;€3 088,00;€0,00;n.a.;n.a.;€0,00;-€7 666,00;€9 446,00;n.a.;n.a.;€9 446,00;-€4 578,00;-€6 798,00;n.a.;n.a.;-€6 798,00;€4 754,00;€2 648,00;n.a.;n.a.;€2 648,00;€176,00;€0,00;n.a.;n.a.;€0,00;€0,00;€0,00;n.a.;n.a.;€0,00;€0,00;€0,00;n.a.;n.a.;€0,00;€0,00;€0,00;n.a.;n.a.;€0,00;€0,00;€0,00;n.a.;n.a.;€0,00;€0,00;-€11 112,00;n.a.;n.a.;-€11 112,00;-€6 246,00;-€11 112,00;n.a.;n.a.;-€11 112,00;-€6 246,00;€0,00;n.a.;n.a.;€0,00;€0,00;€0,00;n.a.;n.a.;€0,00;€0,00;-€434,00;n.a.;n.a.;-€434,00;€0,00;€0,00;n.a.;n.a.;€0,00;€0,00;€0,00;n.a.;n.a.;€0,00;€0,00;-€11 546,00;n.a.;n.a.;-€11 546,00;-€6 246,00;€0,00;n.a.;n.a.;€0,00;€0,00;-€6,00;n.a.;n.a.;-€6,00;€0,00;-€6,00;n.a.;n.a.;-€6,00;€0,00;€0,00;n.a.;n.a.;€0,00;€0,00;-€11 552,00;n.a.;n.a.;-€11 552,00;-€6 246,00;€0,00;n.a.;n.a.;€0,00;€0,00;-€11 552,00;n.a.;n.a.;-€11 552,00;-€6 246,00;-€1 962,00;n.a.;n.a.;-€1 962,00;n.a.;€0,00;n.a.;n.a.;€0,00;n.a.;-€510,00;n.a.;n.a.;-€510,00;n.a.;-€14 018,00;n.a.;n.a.;-€14 018,00;n.a.;€0,00;n.a.;n.a.;€0,00;n.a.;€0,00;n.a.;n.a.;€0,00;n.a.;€0,00;n.a.;n.a.;€0,00;n.a.;€0,00;n.a.;n.a.;€0,00;n.a.;€6 358,00;n.a.;n.a.;€6 358,00;n.a.;€0,00;n.a.;n.a.;€0,00;n.a.;-€6,00;n.a.;n.a.;-€6,00;n.a.;€0,00;n.a.;n.a.;€0,00;n.a.;€6 352,00;n.a.;n.a.;€6 352,00;n.a.;-€7 666,00;n.a.;n.a.;-€7 666,00;n.a.;PLDCLN86H53Z602J;POLI DE ALMEIDA GIL CAROLINE;€1,00;;;;;;;;;;;;;PLDCLN86H53Z602J;POLI DE ALMEIDA GIL CAROLINE;1;;;;;;;;;;;;;;;;;;;;;;;;;;;;POLI DE ALMEIDA GIL CAROLINE;SOCIO UNICO;39;;;;;;;;;;;;;;;;;;;;;;
;;;;;;;;;;;;;;;;;;;;;;;;;;;;;;;;;;;;;;;;;;;;;;;;;;;;;;;;;;;;;;;;;;;;;;;;;;;;;;;;;;;;;;;;;;;;;;;;;;;;;;;;;;;;;;;;;;;;;;;;;;;;;;;;;;;;;;;;;;;;;;;;;;;;;;;;;;;;;;;;;;;;;;;;;;;;;;;;;;;;;;;;;;;;;;;;;;;;;;;;;;;;;;;;;;;;;;;;;;;;;;;;;;;;;;;;;;;;;;;;;;;;;;;;;;;;;;;;;;;;;;;;;;;;;;;;;;;;;;;;;;;;;;;;;;;;;;;;;;;;;;;;;;;;;;;;;;;;;;;;;;;;;;;;;;;;;;;;;;;;;;;;;;;;;;;;;;;;;;;;;;;;;;;;;;;;;;;;;;;;;;;;;;;;;;;;;;;;;;;;;;;;;;
;;;;;;;;;;;;;;;;;;;;;;;;;;;;;;;;;;;;;;;;;;;;;;;;;;;;;;;;;;;;;;;;;;;;;;;;;;;;;;;;;;;;;;;;;;;;;;;;;;;;;;;;;;;;;;;;;;;;;;;;;;;;;;;;;;;;;;;;;;;;;;;;;;;;;;;;;;;;;;;;;;;;;;;;;;;;;;;;;;;;;;;;;;;;;;;;;;;;;;;;;;;;;;;;;;;;;;;;;;;;;;;;;;;;;;;;;;;;;;;;;;;;;;;;;;;;;;;;;;;;;;;;;;;;;;;;;;;;;;;;;;;;;;;;;;;;;;;;;;;;;;;;;;;;;;;;;;;;;;;;;;;;;;;;;;;;;;;;;;;;;;;;;;;;;;;;;;;;;;;;;;;;;;;;;;;;;;;;;;;;;;;;;;;;;;;;;;;;;;;;;;;;;;
;;;;;;;;;;;;;;;;;;;;;;;;;;;;;;;;;;;;;;;;;;;;;;;;;;;;;;;;;;;;;;;;;;;;;;;;;;;;;;;;;;;;;;;;;;;;;;;;;;;;;;;;;;;;;;;;;;;;;;;;;;;;;;;;;;;;;;;;;;;;;;;;;;;;;;;;;;;;;;;;;;;;;;;;;;;;;;;;;;;;;;;;;;;;;;;;;;;;;;;;;;;;;;;;;;;;;;;;;;;;;;;;;;;;;;;;;;;;;;;;;;;;;;;;;;;;;;;;;;;;;;;;;;;;;;;;;;;;;;;;;;;;;;;;;;;;;;;;;;;;;;;;;;;;;;;;;;;;;;;;;;;;;;;;;;;;;;;;;;;;;;;;;;;;;;;;;;;;;;;;;;;;;;;;;;;;;;;;;;;;;;;;;;;;;;;;;;;;;;;;;;;;;;
;;;;;;;;;;;;;;;;;;;;;;;;;;;;;;;;;;;;;;;;;;;;;;;;;;;;;;;;;;;;;;;;;;;;;;;;;;;;;;;;;;;;;;;;;;;;;;;;;;;;;;;;;;;;;;;;;;;;;;;;;;;;;;;;;;;;;;;;;;;;;;;;;;;;;;;;;;;;;;;;;;;;;;;;;;;;;;;;;;;;;;;;;;;;;;;;;;;;;;;;;;;;;;;;;;;;;;;;;;;;;;;;;;;;;;;;;;;;;;;;;;;;;;;;;;;;;;;;;;;;;;;;;;;;;;;;;;;;;;;;;;;;;;;;;;;;;;;;;;;;;;;;;;;;;;;;;;;;;;;;;;;;;;;;;;;;;;;;;;;;;;;;;;;;;;;;;;;;;;;;;;;;;;;;;;;;;;;;;;;;;;;;;;;;;;;;;;;;;;;;;;;;;;
2117;0,00%;€0,00;n.a.;-€147,00;0,00%;-€189,00;€10 214,00;-69,48x;This cybersecurity firm develops and provides a comprehensive suite of software solutions, including antivirus programs, access control tools, encryption software, firewalls, and network monitoring and intrusion detection systems. The company serves enterprise clients by securing digital environments through these core software products and specialized penetration testing services, ensuring robust protection for complex IT infrastructures against evolving cyber threats.;ZADIG S..R.L.;0;0;Milano;Milano (MI);621;n.a.;0;53;company;13157250963;13157250963;FAUX;FAUX;FAUX;Milano (MI), Lombardia;45.4744, 9.1511;0;1;€0,00;-€328,50;n.a.;-€349,50;-0,75%;-2,03%;€19 515,00;€0,00;€0,00;n.a.;n.a.;-€147,00;-€510,00;n.a.;n.a.;0,00%;0,00%;n.a.;n.a.;-€189,00;-€510,00;n.a.;n.a.;€10 214,00;€6 518,00;n.a.;n.a.;-69,48x;-12,78x;n.a.;n.a.;-0,75%;-3,19%;n.a.;n.a.;-2,03%;-5,37%;n.a.;n.a.;n.a.;n.a.;n.a.;n.a.;31/12/2024;31/12/2024;31/12/2023;n.a.;n.a.;€12 006,00;€12 006,00;€5 706,00;n.a.;n.a.;€0,00;€0,00;€0,00;n.a.;n.a.;€0,00;€0,00;€0,00;n.a.;n.a.;€12 006,00;€12 006,00;€5 706,00;n.a.;n.a.;€0,00;€0,00;€0,00;n.a.;n.a.;€2,00;€2,00;€2 802,00;n.a.;n.a.;€0,00;€0,00;€0,00;n.a.;n.a.;€2,00;€2,00;€2 802,00;n.a.;n.a.;€7,00;€7,00;€0,00;n.a.;n.a.;€0,00;€0,00;€0,00;n.a.;n.a.;€7,00;€7,00;€0,00;n.a.;n.a.;€7 500,00;€7 500,00;€7 500,00;n.a.;n.a.;€19 515,00;€19 515,00;€16 008,00;n.a.;n.a.;€13 157,00;€13 157,00;€6 518,00;n.a.;n.a.;-€2 943,00;-€2 943,00;€0,00;n.a.;n.a.;€10 214,00;€10 214,00;€6 518,00;n.a.;n.a.;€9 301,00;€9 301,00;€9 490,00;n.a.;n.a.;€19 515,00;€19 515,00;€16 008,00;n.a.;n.a.;€0,00;€0,00;€0,00;n.a.;n.a.;€0,00;€0,00;€0,00;n.a.;n.a.;€0,00;€0,00;€0,00;n.a.;n.a.;€0,00;€0,00;€0,00;n.a.;n.a.;€0,00;€0,00;€0,00;n.a.;n.a.;-€105,00;-€105,00;€0,00;n.a.;n.a.;-€105,00;-€105,00;€0,00;n.a.;n.a.;€0,00;€0,00;€0,00;n.a.;n.a.;€0,00;€0,00;€0,00;n.a.;n.a.;-€42,00;-€42,00;-€510,00;n.a.;n.a.;€0,00;€0,00;€0,00;n.a.;n.a.;€0,00;€0,00;€0,00;n.a.;n.a.;-€147,00;-€147,00;-€510,00;n.a.;n.a.;€0,00;€0,00;€0,00;n.a.;n.a.;-€42,00;-€42,00;€0,00;n.a.;n.a.;-€42,00;-€42,00;€0,00;n.a.;n.a.;€0,00;€0,00;€0,00;n.a.;n.a.;-€189,00;-€189,00;-€510,00;n.a.;n.a.;€0,00;€0,00;€0,00;n.a.;n.a.;-€189,00;-€189,00;-€510,00;n.a.;n.a.;€2 800,00;€2 800,00;n.a.;n.a.;n.a.;€0,00;€0,00;n.a.;n.a.;n.a.;-€7,00;-€7,00;n.a.;n.a.;n.a.;€2 646,00;€2 646,00;n.a.;n.a.;n.a.;€0,00;€0,00;n.a.;n.a.;n.a.;€0,00;€0,00;n.a.;n.a.;n.a.;-€6 300,00;-€6 300,00;n.a.;n.a.;n.a.;-€6 300,00;-€6 300,00;n.a.;n.a.;n.a.;€6 639,00;€6 639,00;n.a.;n.a.;n.a.;€0,00;€0,00;n.a.;n.a.;n.a.;-€42,00;-€42,00;n.a.;n.a.;n.a.;€0,00;€0,00;n.a.;n.a.;n.a.;€6 597,00;€6 597,00;n.a.;n.a.;n.a.;€2 943,00;€2 943,00;n.a.;n.a.;n.a.;IT10273460963;BITCORP S.R.L.;€0,70;TRZGLC75H30D612D;TIROZZI GIANLUCA;€0,10;PCCLCU93T11M289B;PICCIRILLO LUCA;€0,10;PRSCRS72E11F205I;PERSURICH CHRISTIAN FABIO;0,1;;;;TRZGLC75H30D612D;TIROZZI GIANLUCA;0,501;IT10273460963;BITCORP S.R.L.;0,7;;;;;;;;;;;;;;;;;;;;;;;;;PERSURICH CHRISTIAN FABIO;AMMINISTRATORE UNICO;53;;;;;;;;;;;;;;;;;;;;;;
2118;0,00%;€0,00;n.a.;-€4 279,00;0,00%;-€4 279,00;€493,00;-0,12x;This IT services firm specializes in software development, the creation of custom web portals, and the provision of comprehensive cybersecurity solutions. The company focuses on delivering digital infrastructure and security tools to support business operations. By integrating software engineering with protective digital measures, the firm provides technical foundations for corporate clients, facilitating secure online presence and efficient information management across various professional sectors.;IKKREA SOCIETA' A RESPONSABILITA' LIMITATA SEMPLIFICATA;0;0;Messina;Giardini-Naxos (ME);631029;n.a.;0;45;family;03474240839;03474240839;FAUX;VRAI;FAUX;Giardini-Naxos (ME), Sicilia;37.8278, 15.2652;0;1;€0,00;-€4 279,00;n.a.;-€4 279,00;-352,76%;-594,31%;€1 213,00;n.a.;n.a.;n.a.;n.a.;n.a.;n.a.;n.a.;n.a.;n.a.;n.a.;n.a.;n.a.;n.a.;n.a.;n.a.;n.a.;n.a.;n.a.;n.a.;n.a.;n.a.;n.a.;n.a.;n.a.;n.a.;n.a.;n.a.;n.a.;n.a.;n.a.;n.a.;n.a.;n.a.;n.a.;n.a.;n.a.;31/12/2017;n.a.;n.a.;n.a.;n.a.;€500,00;n.a.;n.a.;n.a.;n.a.;€0,00;n.a.;n.a.;n.a.;n.a.;€0,00;n.a.;n.a.;n.a.;n.a.;€500,00;n.a.;n.a.;n.a.;n.a.;€0,00;n.a.;n.a.;n.a.;n.a.;€713,00;n.a.;n.a.;n.a.;n.a.;€0,00;n.a.;n.a.;n.a.;n.a.;€713,00;n.a.;n.a.;n.a.;n.a.;€0,00;n.a.;n.a.;n.a.;n.a.;€0,00;n.a.;n.a.;n.a.;n.a.;€0,00;n.a.;n.a.;n.a.;n.a.;€0,00;n.a.;n.a.;n.a.;n.a.;€1 213,00;n.a.;n.a.;n.a.;n.a.;€2 263,00;n.a.;n.a.;n.a.;n.a.;-€1 770,00;n.a.;n.a.;n.a.;n.a.;€493,00;n.a.;n.a.;n.a.;n.a.;€720,00;n.a.;n.a.;n.a.;n.a.;€1 213,00;n.a.;n.a.;n.a.;n.a.;€0,00;n.a.;n.a.;n.a.;n.a.;€0,00;n.a.;n.a.;n.a.;n.a.;€0,00;n.a.;n.a.;n.a.;n.a.;€0,00;n.a.;n.a.;n.a.;n.a.;€0,00;n.a.;n.a.;n.a.;n.a.;-€4 279,00;n.a.;n.a.;n.a.;n.a.;-€4 279,00;n.a.;n.a.;n.a.;n.a.;€0,00;n.a.;n.a.;n.a.;n.a.;€0,00;n.a.;n.a.;n.a.;n.a.;€0,00;n.a.;n.a.;n.a.;n.a.;€0,00;n.a.;n.a.;n.a.;n.a.;€0,00;n.a.;n.a.;n.a.;n.a.;-€4 279,00;n.a.;n.a.;n.a.;n.a.;€0,00;n.a.;n.a.;n.a.;n.a.;€0,00;n.a.;n.a.;n.a.;n.a.;€0,00;n.a.;n.a.;n.a.;n.a.;€0,00;n.a.;n.a.;n.a.;n.a.;-€4 279,00;n.a.;n.a.;n.a.;n.a.;€0,00;n.a.;n.a.;n.a.;n.a.;-€4 279,00;n.a.;n.a.;n.a.;n.a.;n.a.;n.a.;n.a.;n.a.;n.a.;n.a.;n.a.;n.a.;n.a.;n.a.;n.a.;n.a.;n.a.;n.a.;n.a.;n.a.;n.a.;n.a.;n.a.;n.a.;n.a.;n.a.;n.a.;n.a.;n.a.;n.a.;n.a.;n.a.;n.a.;n.a.;n.a.;n.a.;n.a.;n.a.;n.a.;n.a.;n.a.;n.a.;n.a.;n.a.;n.a.;n.a.;n.a.;n.a.;n.a.;n.a.;n.a.;n.a.;n.a.;n.a.;n.a.;n.a.;n.a.;n.a.;n.a.;n.a.;n.a.;n.a.;n.a.;n.a.;n.a.;n.a.;n.a.;n.a.;n.a.;n.a.;n.a.;n.a.;n.a.;n.a.;NCFGTN80S04C351S;NUCIFORO GAETANO;€0,50;DSTMRA67M60L042X;DI STEFANO MARIA;€0,25;SPRGPP56C10E014W;SPARTA' GIUSEPPE;€0,25;;;;;;;;;;;;;;;;;;;;;;IT16860461009;GREGAN FINTECH S.R.L. SOCIETA' BENEFIT;0,03;;;;;;;;;;;;;NUCIFORO GAETANO;AMMINISTRATORE UNICO;45;;;;;;;;;;;;;;;;;;;;;;
;;;;;;;;;;;;;;;;;;;;;;;;;;;;;;;;;;;;;;;;;;;;;;;;;;;;;;;;;;;;;;;;;;;;;;;;;;;;;;;;;;;;;;;;;;;;;;;;;;;;;;;;;;;;;;;;;;;;;;;;;;;;;;;;;;;;;;;;;;;;;;;;;;;;;;;;;;;;;;;;;;;;;;;;;;;;;;;;;;;;;;;;;;;;;;;;;;;;;;;;;;;;;;;;;;;;;;;;;;;;;;;;;;;;;;;;;;;;;;;;;;;;;;;;;;;;;;;;;;;;;;;;;;;;;;;;;;;;;;;;;;;;;;;;;;;;;;;;;;;;;;;;;;;;;;;;;;;;;;;;;;;;;;;;;;;;;;;;;;;;;;;;;;;;;;;;;;;;;;;;;;;;;;;;;;;;;;;;;;;;;;;;;;;;;;;;;;;;;;;;;;;;;;
;;;;;;;;;;;;;;;;;;;;;;;;;;;;;;;;;;;;;;;;;;;;;;;;;;;;;;;;;;;;;;;;;;;;;;;;;;;;;;;;;;;;;;;;;;;;;;;;;;;;;;;;;;;;;;;;;;;;;;;;;;;;;;;;;;;;;;;;;;;;;;;;;;;;;;;;;;;;;;;;;;;;;;;;;;;;;;;;;;;;;;;;;;;;;;;;;;;;;;;;;;;;;;;;;;;;;;;;;;;;;;;;;;;;;;;;;;;;;;;;;;;;;;;;;;;;;;;;;;;;;;;;;;;;;;;;;;;;;;;;;;;;;;;;;;;;;;;;;;;;;;;;;;;;;;;;;;;;;;;;;;;;;;;;;;;;;;;;;;;;;;;;;;;;;;;;;;;;;;;;;;;;;;;;;;;;;;;;;;;;;;;;;;;;;;;;;;;;;;;;;;;;;;
;;;;;;;;;;;;;;;;;;;;;;;;;;;;;;;;;;;;;;;;;;;;;;;;;;;;;;;;;;;;;;;;;;;;;;;;;;;;;;;;;;;;;;;;;;;;;;;;;;;;;;;;;;;;;;;;;;;;;;;;;;;;;;;;;;;;;;;;;;;;;;;;;;;;;;;;;;;;;;;;;;;;;;;;;;;;;;;;;;;;;;;;;;;;;;;;;;;;;;;;;;;;;;;;;;;;;;;;;;;;;;;;;;;;;;;;;;;;;;;;;;;;;;;;;;;;;;;;;;;;;;;;;;;;;;;;;;;;;;;;;;;;;;;;;;;;;;;;;;;;;;;;;;;;;;;;;;;;;;;;;;;;;;;;;;;;;;;;;;;;;;;;;;;;;;;;;;;;;;;;;;;;;;;;;;;;;;;;;;;;;;;;;;;;;;;;;;;;;;;;;;;;;;
2122;0,00%;€0,00;n.a.;-€7 334,00;0,00%;-€7 334,00;€7 716,00;-1,05x;This information technology provider specializes in digital transformation through a modular low-code integration platform that synchronizes enterprise data across major third-party applications. Core offerings include cybersecurity and API protection, Industrial IoT and Digital Twin management, and robotic process automation for financial and administrative workflows. The company delivers these solutions via cloud, hybrid, and on-premise architectures, serving the finance, manufacturing, and public sectors with custom software design and implementation services.;BRIDGE IDT SOCIETA' COOPERATIVA A R.L.;0;0;Milano;Milano (MI);62201;https://bridgeidt.com;0;57;company;12825770964;12825770964;FAUX;FAUX;FAUX;Milano (MI), Lombardia;45.4308, 9.1843;0;1;€0,00;-€4 282,00;n.a.;-€4 282,00;-252,72%;152,35%;€2 902,00;€0,00;€0,00;n.a.;n.a.;-€7 334,00;-€1 230,00;n.a.;n.a.;0,00%;0,00%;n.a.;n.a.;-€7 334,00;-€1 230,00;n.a.;n.a.;€7 716,00;€330,00;n.a.;n.a.;-1,05x;-0,27x;n.a.;n.a.;-252,72%;-43,16%;n.a.;n.a.;152,35%;-48,81%;n.a.;n.a.;n.a.;n.a.;n.a.;n.a.;31/12/2024;31/12/2024;31/12/2023;n.a.;n.a.;€2 461,00;€2 461,00;€2 461,00;n.a.;n.a.;€0,00;€0,00;€0,00;n.a.;n.a.;€0,00;€0,00;€0,00;n.a.;n.a.;€2 461,00;€2 461,00;€2 461,00;n.a.;n.a.;€0,00;€0,00;€0,00;n.a.;n.a.;€441,00;€441,00;€389,00;n.a.;n.a.;€0,00;€0,00;€0,00;n.a.;n.a.;€441,00;€441,00;€389,00;n.a.;n.a.;€0,00;€0,00;€0,00;n.a.;n.a.;€0,00;€0,00;€0,00;n.a.;n.a.;€0,00;€0,00;€0,00;n.a.;n.a.;€0,00;€0,00;€0,00;n.a.;n.a.;€2 902,00;€2 902,00;€2 850,00;n.a.;n.a.;€8 100,00;€8 100,00;€700,00;n.a.;n.a.;-€384,00;-€384,00;-€370,00;n.a.;n.a.;€7 716,00;€7 716,00;€330,00;n.a.;n.a.;-€4 814,00;-€4 814,00;€2 520,00;n.a.;n.a.;€2 902,00;€2 902,00;€2 850,00;n.a.;n.a.;€0,00;€0,00;€0,00;n.a.;n.a.;€0,00;€0,00;€0,00;n.a.;n.a.;€0,00;€0,00;€0,00;n.a.;n.a.;-€322,00;-€322,00;-€86,00;n.a.;n.a.;-€322,00;-€322,00;-€86,00;n.a.;n.a.;-€6 499,00;-€6 499,00;-€1 144,00;n.a.;n.a.;-€5 827,00;-€5 827,00;-€1 144,00;n.a.;n.a.;€0,00;€0,00;€0,00;n.a.;n.a.;-€672,00;-€672,00;€0,00;n.a.;n.a.;-€513,00;-€513,00;€0,00;n.a.;n.a.;€0,00;€0,00;€0,00;n.a.;n.a.;€0,00;€0,00;€0,00;n.a.;n.a.;-€7 334,00;-€7 334,00;-€1 230,00;n.a.;n.a.;€0,00;€0,00;€0,00;n.a.;n.a.;€0,00;€0,00;€0,00;n.a.;n.a.;€0,00;€0,00;€0,00;n.a.;n.a.;€0,00;€0,00;€0,00;n.a.;n.a.;-€7 334,00;-€7 334,00;-€1 230,00;n.a.;n.a.;€0,00;€0,00;€0,00;n.a.;n.a.;-€7 334,00;-€7 334,00;-€1 230,00;n.a.;n.a.;-€52,00;-€52,00;n.a.;n.a.;n.a.;€0,00;€0,00;n.a.;n.a.;n.a.;€0,00;€0,00;n.a.;n.a.;n.a.;-€7 386,00;-€7 386,00;n.a.;n.a.;n.a.;€0,00;€0,00;n.a.;n.a.;n.a.;€0,00;€0,00;n.a.;n.a.;n.a.;€0,00;€0,00;n.a.;n.a.;n.a.;€0,00;€0,00;n.a.;n.a.;n.a.;€7 400,00;€7 400,00;n.a.;n.a.;n.a.;€0,00;€0,00;n.a.;n.a.;n.a.;€0,00;€0,00;n.a.;n.a.;n.a.;€0,00;€0,00;n.a.;n.a.;n.a.;€7 400,00;€7 400,00;n.a.;n.a.;n.a.;€14,00;€14,00;n.a.;n.a.;n.a.;;;;;;;;;;;;;;;;;;;;;;;;;;;;;;;;;;;;;;;;;;;;;;MASELLI FRANCESCO;CONSIGLIERE, PRESIDENTE CONSIGLIO AMMINISTRAZIONE;57;GUSSO LORENZO;CONSIGLIERE;60;ROSSI GIUSEPPE RENATO DAVOR;CONSIGLIERE;63;;;;;;;;;;;;;;;;
;;;;;;;;;;;;;;;;;;;;;;;;;;;;;;;;;;;;;;;;;;;;;;;;;;;;;;;;;;;;;;;;;;;;;;;;;;;;;;;;;;;;;;;;;;;;;;;;;;;;;;;;;;;;;;;;;;;;;;;;;;;;;;;;;;;;;;;;;;;;;;;;;;;;;;;;;;;;;;;;;;;;;;;;;;;;;;;;;;;;;;;;;;;;;;;;;;;;;;;;;;;;;;;;;;;;;;;;;;;;;;;;;;;;;;;;;;;;;;;;;;;;;;;;;;;;;;;;;;;;;;;;;;;;;;;;;;;;;;;;;;;;;;;;;;;;;;;;;;;;;;;;;;;;;;;;;;;;;;;;;;;;;;;;;;;;;;;;;;;;;;;;;;;;;;;;;;;;;;;;;;;;;;;;;;;;;;;;;;;;;;;;;;;;;;;;;;;;;;;;;;;;;;
;;;;;;;;;;;;;;;;;;;;;;;;;;;;;;;;;;;;;;;;;;;;;;;;;;;;;;;;;;;;;;;;;;;;;;;;;;;;;;;;;;;;;;;;;;;;;;;;;;;;;;;;;;;;;;;;;;;;;;;;;;;;;;;;;;;;;;;;;;;;;;;;;;;;;;;;;;;;;;;;;;;;;;;;;;;;;;;;;;;;;;;;;;;;;;;;;;;;;;;;;;;;;;;;;;;;;;;;;;;;;;;;;;;;;;;;;;;;;;;;;;;;;;;;;;;;;;;;;;;;;;;;;;;;;;;;;;;;;;;;;;;;;;;;;;;;;;;;;;;;;;;;;;;;;;;;;;;;;;;;;;;;;;;;;;;;;;;;;;;;;;;;;;;;;;;;;;;;;;;;;;;;;;;;;;;;;;;;;;;;;;;;;;;;;;;;;;;;;;;;;;;;;;
2125;0,00%;€0,00;n.a.;-€722,00;0,00%;-€764,00;€14 491,00;-20,07x;This technology company develops integrated ICT solutions, specializing in blockchain, cybersecurity, IoT, and robotics software and hardware. The firm provides digital marketing and search engine optimization services while managing retail operations across traditional and online channels. Additionally, the company develops specialized e-commerce applications and checkout logic for the Shopify platform, serving a diverse client base through both B2B and B2C business models.;UTHERO S.R.L.;0;0;Roma;Roma (RM);n.a.;n.a.;0;44;family;16685281004;16685281004;FAUX;VRAI;FAUX;Roma (RM), Lazio;41.8967, 12.4822;0;1;€0,33;-€465,67;-139839,90%;-€485,00;-3,33%;-9,07%;€22 917,00;€0,00;€0,00;€1,00;n.a.;-€722,00;-€675,00;€0,00;n.a.;0,00%;0,00%;0,00%;n.a.;-€764,00;-€691,00;€0,00;n.a.;€14 491,00;€14 650,00;-€9 000,00;n.a.;-20,07x;-21,70x;0,00x;n.a.;-3,33%;-2,82%;0,00%;n.a.;-9,07%;-7,42%;0,00%;n.a.;n.a.;n.a.;n.a.;n.a.;31/12/2024;31/12/2024;31/12/2023;31/12/2022;n.a.;€1 000,00;€1 000,00;€1 000,00;€1 000,00;n.a.;€0,00;€0,00;€0,00;€0,00;n.a.;€23 000,00;€23 000,00;€23 000,00;€0,00;n.a.;€24 000,00;€24 000,00;€24 000,00;€1 000,00;n.a.;€0,00;€0,00;€0,00;€0,00;n.a.;€0,00;€0,00;€0,00;€0,00;n.a.;-€1 000,00;-€1 000,00;€0,00;€0,00;n.a.;-€1 000,00;-€1 000,00;€0,00;€0,00;n.a.;€119,00;€119,00;€0,00;€0,00;n.a.;-€202,00;-€202,00;-€41,00;€0,00;n.a.;-€83,00;-€83,00;-€41,00;€0,00;n.a.;€0,00;€0,00;€0,00;€0,00;n.a.;€22 917,00;€22 917,00;€23 959,00;€1 000,00;n.a.;€20 000,00;€20 000,00;€20 500,00;€6 000,00;n.a.;-€5 509,00;-€5 509,00;-€5 850,00;-€15 000,00;n.a.;€14 491,00;€14 491,00;€14 650,00;-€9 000,00;n.a.;€8 426,00;€8 426,00;€9 309,00;€10 000,00;n.a.;€22 917,00;€22 917,00;€23 959,00;€1 000,00;n.a.;€0,00;€0,00;€0,00;€1,00;n.a.;€0,00;€0,00;€0,00;€0,00;n.a.;€0,00;€0,00;€0,00;€1,00;n.a.;€0,00;€0,00;€0,00;€0,00;n.a.;€0,00;€0,00;€0,00;€1,00;n.a.;-€192,00;-€192,00;-€96,00;-€1,00;n.a.;-€192,00;-€192,00;-€96,00;-€1,00;n.a.;€0,00;€0,00;€0,00;€0,00;n.a.;€0,00;€0,00;€0,00;€0,00;n.a.;-€530,00;-€530,00;-€579,00;€0,00;n.a.;€0,00;€0,00;€0,00;€0,00;n.a.;€0,00;€0,00;€0,00;€0,00;n.a.;-€722,00;-€722,00;-€675,00;€0,00;n.a.;€0,00;€0,00;€0,00;€0,00;n.a.;€0,00;€0,00;-€16,00;€0,00;n.a.;€0,00;€0,00;-€16,00;€0,00;n.a.;€0,00;€0,00;€0,00;€0,00;n.a.;-€722,00;-€722,00;-€691,00;€0,00;n.a.;-€42,00;-€42,00;€0,00;€0,00;n.a.;-€764,00;-€764,00;-€691,00;€0,00;n.a.;€1 000,00;€1 000,00;€0,00;n.a.;n.a.;-€42,00;-€42,00;€0,00;n.a.;n.a.;€42,00;€42,00;€41,00;n.a.;n.a.;€278,00;€278,00;-€634,00;n.a.;n.a.;€0,00;€0,00;€0,00;n.a.;n.a.;€0,00;€0,00;-€23 000,00;n.a.;n.a.;€0,00;€0,00;€0,00;n.a.;n.a.;€0,00;€0,00;-€23 000,00;n.a.;n.a.;-€500,00;-€500,00;€14 500,00;n.a.;n.a.;€0,00;€0,00;€0,00;n.a.;n.a.;€0,00;€0,00;-€16,00;n.a.;n.a.;-€119,00;-€119,00;€0,00;n.a.;n.a.;-€619,00;-€619,00;€14 484,00;n.a.;n.a.;-€341,00;-€341,00;-€9 150,00;n.a.;n.a.;IT14719101009;O.A.M. S.R.L.;€0,67;SVNMHL81E03H501T;SAVINO MICHELE;€0,33;;;;;;;;;;VNTMRC80T20H501L;VENUTI MARCO;0,7;IT14719101009;O.A.M. S.R.L.;0,67;;;;;;;;;;IT16711981007;NEXTOOLS S.R.L.;0,5;;;;;;;;;;;;;DELLA PORTA MATTEO;AMMINISTRATORE UNICO;44;;;;;;;;;;;;;;;;;;;;;;
;;;;;;;;;;;;;;;;;;;;;;;;;;;;;;;;;;;;;;;;;;;;;;;;;;;;;;;;;;;;;;;;;;;;;;;;;;;;;;;;;;;;;;;;;;;;;;;;;;;;;;;;;;;;;;;;;;;;;;;;;;;;;;;;;;;;;;;;;;;;;;;;;;;;;;;;;;;;;;;;;;;;;;;;;;;;;;;;;;;;;;;;;;;;;;;;;;;;;;;;;;;;;;;;;;;;;;;;;;;;;;;;;;;;;;;;;;;;;;;;;;;;;;;;;;;;;;;;;;;;;;;;;;;;;;;;;;;;;;;;;;;;;;;;;;;;;;;;;;;;;;;;;;;;;;;;;;;;;;;;;;;;;;;;;;;;;;;;;;;;;;;;;;;;;;;;;;;;;;;;;;;;;;;;;;;;;;;;;;;;;;;;;;;;;;;;;;;;;;;;;;;;;;
;;;;;;;;;;;;;;;;;;;;;;;;;;;;;;;;;;;;;;;;;;;;;;;;;;;;;;;;;;;;;;;;;;;;;;;;;;;;;;;;;;;;;;;;;;;;;;;;;;;;;;;;;;;;;;;;;;;;;;;;;;;;;;;;;;;;;;;;;;;;;;;;;;;;;;;;;;;;;;;;;;;;;;;;;;;;;;;;;;;;;;;;;;;;;;;;;;;;;;;;;;;;;;;;;;;;;;;;;;;;;;;;;;;;;;;;;;;;;;;;;;;;;;;;;;;;;;;;;;;;;;;;;;;;;;;;;;;;;;;;;;;;;;;;;;;;;;;;;;;;;;;;;;;;;;;;;;;;;;;;;;;;;;;;;;;;;;;;;;;;;;;;;;;;;;;;;;;;;;;;;;;;;;;;;;;;;;;;;;;;;;;;;;;;;;;;;;;;;;;;;;;;;;
2128;0,00%;€0,00;n.a.;-€799,00;0,00%;-€979,00;€1 863,00;-2,33x;This software development company specializes in cybersecurity solutions designed to protect user devices from malware attacks. Its core product line utilizes proprietary passive defense technology to inhibit unauthorized system access and secure digital environments. The firm focuses on the development and commercialization of these security tools to safeguard endpoints against evolving cyber threats across various computing platforms.;SOFTWHITE S.R.L.;1;2021;Roma;Tivoli (RM);621;n.a.;0;64;individual;16604551008;16604551008;FAUX;FAUX;FAUX;Tivoli (RM), Lazio;41.953, 12.7257;0;1;€0,00;-€799,00;n.a.;-€979,00;-99,49%;111,38%;€984,00;n.a.;n.a.;€0,00;n.a.;n.a.;n.a.;-€799,00;n.a.;n.a.;n.a.;0,00%;n.a.;n.a.;n.a.;-€979,00;n.a.;n.a.;n.a.;€1 863,00;n.a.;n.a.;n.a.;-2,33x;n.a.;n.a.;n.a.;-99,49%;n.a.;n.a.;n.a.;111,38%;n.a.;n.a.;n.a.;n.a.;n.a.;31/12/2022;n.a.;n.a.;31/12/2022;n.a.;€720,00;n.a.;n.a.;€720,00;n.a.;€0,00;n.a.;n.a.;€0,00;n.a.;€0,00;n.a.;n.a.;€0,00;n.a.;€720,00;n.a.;n.a.;€720,00;n.a.;€0,00;n.a.;n.a.;€0,00;n.a.;€264,00;n.a.;n.a.;€264,00;n.a.;€0,00;n.a.;n.a.;€0,00;n.a.;€264,00;n.a.;n.a.;€264,00;n.a.;€0,00;n.a.;n.a.;€0,00;n.a.;€0,00;n.a.;n.a.;€0,00;n.a.;€0,00;n.a.;n.a.;€0,00;n.a.;€0,00;n.a.;n.a.;€0,00;n.a.;€984,00;n.a.;n.a.;€984,00;n.a.;€1 863,00;n.a.;n.a.;€1 863,00;n.a.;€0,00;n.a.;n.a.;€0,00;n.a.;€1 863,00;n.a.;n.a.;€1 863,00;n.a.;-€879,00;n.a.;n.a.;-€879,00;n.a.;€984,00;n.a.;n.a.;€984,00;n.a.;€0,00;n.a.;n.a.;€0,00;n.a.;€0,00;n.a.;n.a.;€0,00;n.a.;€0,00;n.a.;n.a.;€0,00;n.a.;€0,00;n.a.;n.a.;€0,00;n.a.;€0,00;n.a.;n.a.;€0,00;n.a.;-€299,00;n.a.;n.a.;-€299,00;n.a.;-€299,00;n.a.;n.a.;-€299,00;n.a.;€0,00;n.a.;n.a.;€0,00;n.a.;€0,00;n.a.;n.a.;€0,00;n.a.;-€500,00;n.a.;n.a.;-€500,00;n.a.;€0,00;n.a.;n.a.;€0,00;n.a.;-€180,00;n.a.;n.a.;-€180,00;n.a.;-€979,00;n.a.;n.a.;-€979,00;n.a.;€0,00;n.a.;n.a.;€0,00;n.a.;€0,00;n.a.;n.a.;€0,00;n.a.;€0,00;n.a.;n.a.;€0,00;n.a.;€0,00;n.a.;n.a.;€0,00;n.a.;-€979,00;n.a.;n.a.;-€979,00;n.a.;€0,00;n.a.;n.a.;€0,00;n.a.;-€979,00;n.a.;n.a.;-€979,00;n.a.;n.a.;n.a.;n.a.;n.a.;n.a.;n.a.;n.a.;n.a.;n.a.;n.a.;n.a.;n.a.;n.a.;n.a.;n.a.;n.a.;n.a.;n.a.;n.a.;n.a.;n.a.;n.a.;n.a.;n.a.;n.a.;n.a.;n.a.;n.a.;n.a.;n.a.;n.a.;n.a.;n.a.;n.a.;n.a.;n.a.;n.a.;n.a.;n.a.;n.a.;n.a.;n.a.;n.a.;n.a.;n.a.;n.a.;n.a.;n.a.;n.a.;n.a.;n.a.;n.a.;n.a.;n.a.;n.a.;n.a.;n.a.;n.a.;n.a.;n.a.;n.a.;n.a.;n.a.;n.a.;n.a.;n.a.;n.a.;n.a.;n.a.;n.a.;PTRLCN61M08H501C;PIETRANTONIO LUCIANO;€1,00;;;;;;;;;;;;;PTRLCN61M08H501C;PIETRANTONIO LUCIANO;1;;;;;;;;;;;;;;;;;;;;;;;;;;;;PIETRANTONIO LUCIANO;SOCIO UNICO;64;;;;;;;;;;;;;;;;;;;;;;
;;;;;;;;;;;;;;;;;;;;;;;;;;;;;;;;;;;;;;;;;;;;;;;;;;;;;;;;;;;;;;;;;;;;;;;;;;;;;;;;;;;;;;;;;;;;;;;;;;;;;;;;;;;;;;;;;;;;;;;;;;;;;;;;;;;;;;;;;;;;;;;;;;;;;;;;;;;;;;;;;;;;;;;;;;;;;;;;;;;;;;;;;;;;;;;;;;;;;;;;;;;;;;;;;;;;;;;;;;;;;;;;;;;;;;;;;;;;;;;;;;;;;;;;;;;;;;;;;;;;;;;;;;;;;;;;;;;;;;;;;;;;;;;;;;;;;;;;;;;;;;;;;;;;;;;;;;;;;;;;;;;;;;;;;;;;;;;;;;;;;;;;;;;;;;;;;;;;;;;;;;;;;;;;;;;;;;;;;;;;;;;;;;;;;;;;;;;;;;;;;;;;;;
;;;;;;;;;;;;;;;;;;;;;;;;;;;;;;;;;;;;;;;;;;;;;;;;;;;;;;;;;;;;;;;;;;;;;;;;;;;;;;;;;;;;;;;;;;;;;;;;;;;;;;;;;;;;;;;;;;;;;;;;;;;;;;;;;;;;;;;;;;;;;;;;;;;;;;;;;;;;;;;;;;;;;;;;;;;;;;;;;;;;;;;;;;;;;;;;;;;;;;;;;;;;;;;;;;;;;;;;;;;;;;;;;;;;;;;;;;;;;;;;;;;;;;;;;;;;;;;;;;;;;;;;;;;;;;;;;;;;;;;;;;;;;;;;;;;;;;;;;;;;;;;;;;;;;;;;;;;;;;;;;;;;;;;;;;;;;;;;;;;;;;;;;;;;;;;;;;;;;;;;;;;;;;;;;;;;;;;;;;;;;;;;;;;;;;;;;;;;;;;;;;;;;;
2131;0,00%;€0,00;n.a.;-€6 859,00;0,00%;-€6 848,00;€1 922,00;-0,28x;This technology firm specializes in passive bistatic radar systems that detect and track drones, birds, and aircraft by analyzing environmental electromagnetic signals like Wi-Fi and 5G. Utilizing AI-enhanced algorithms, the software-defined platform classifies targets and integrates with existing air traffic control and counter-unmanned aircraft systems. These solutions serve the aviation, defense, and critical infrastructure sectors, providing non-emitting surveillance capabilities for airports, government facilities, and industrial sites to ensure airspace security and wildlife management.;SYNCRETISE S.R.L.;0;0;Roma;Roma (RM);26511;https://syncretise.com;0;48;family;16872811001;16872811001;FAUX;FAUX;FAUX;Roma (RM), Lazio;41.9242, 12.5158;0;1;€0,33;-€4 555,00;-1367867,90%;-€4 108,33;-61,90%;-74,70%;€11 089,00;€0,00;€0,00;€0,00;n.a.;-€6 859,00;-€5 451,00;-€1 355,00;n.a.;0,00%;-545100,00%;0,00%;n.a.;-€6 848,00;-€4 122,00;-€1 355,00;n.a.;€1 922,00;-€771,00;-€5 470,00;n.a.;-0,28x;-0,14x;-4,04x;n.a.;-61,90%;-47,32%;-26,18%;n.a.;-74,70%;-43,28%;-12,73%;n.a.;n.a.;n.a.;n.a.;n.a.;31/12/2024;31/12/2024;31/12/2023;31/12/2022;n.a.;€8 747,00;€8 747,00;€5 747,00;€4 347,00;n.a.;€0,00;€0,00;€0,00;€0,00;n.a.;€0,00;€0,00;€0,00;€0,00;n.a.;€8 747,00;€8 747,00;€5 747,00;€4 347,00;n.a.;€0,00;€0,00;€0,00;€0,00;n.a.;€933,00;€933,00;€1 596,00;€828,00;n.a.;€0,00;€0,00;€0,00;€0,00;n.a.;€933,00;€933,00;€1 596,00;€828,00;n.a.;€1 409,00;€1 409,00;€1 409,00;€0,00;n.a.;€0,00;€0,00;€0,00;€0,00;n.a.;€1 409,00;€1 409,00;€1 409,00;€0,00;n.a.;€0,00;€0,00;€0,00;€0,00;n.a.;€11 089,00;€11 089,00;€8 752,00;€5 175,00;n.a.;€2 176,00;€2 176,00;€497,00;€1 260,00;n.a.;-€254,00;-€254,00;-€1 268,00;-€6 730,00;n.a.;€1 922,00;€1 922,00;-€771,00;-€5 470,00;n.a.;€9 167,00;€9 167,00;€9 523,00;€10 645,00;n.a.;€11 089,00;€11 089,00;€8 752,00;€5 175,00;n.a.;€0,00;€0,00;€0,00;€0,00;n.a.;€0,00;€0,00;€1,00;€0,00;n.a.;€0,00;€0,00;€1,00;€0,00;n.a.;€0,00;€0,00;€0,00;€0,00;n.a.;€0,00;€0,00;€1,00;€0,00;n.a.;-€5 889,00;-€5 889,00;-€4 234,00;-€1 026,00;n.a.;-€5 109,00;-€5 109,00;-€4 104,00;-€1 026,00;n.a.;€0,00;€0,00;€0,00;€0,00;n.a.;-€780,00;-€780,00;-€130,00;€0,00;n.a.;-€970,00;-€970,00;-€1 218,00;-€329,00;n.a.;€0,00;€0,00;€0,00;€0,00;n.a.;€0,00;€0,00;€0,00;€0,00;n.a.;-€6 859,00;-€6 859,00;-€5 451,00;-€1 355,00;n.a.;€17,00;€17,00;€27,00;€0,00;n.a.;-€1,00;-€1,00;-€1,00;€0,00;n.a.;€16,00;€16,00;€26,00;€0,00;n.a.;€0,00;€0,00;€0,00;€0,00;n.a.;-€6 843,00;-€6 843,00;-€5 425,00;-€1 355,00;n.a.;-€5,00;-€5,00;€1 303,00;€0,00;n.a.;-€6 848,00;-€6 848,00;-€4 122,00;-€1 355,00;n.a.;€663,00;€663,00;-€768,00;n.a.;n.a.;-€5,00;-€5,00;€1 303,00;n.a.;n.a.;€0,00;€0,00;-€1 409,00;n.a.;n.a.;-€6 201,00;-€6 201,00;-€6 325,00;n.a.;n.a.;€0,00;€0,00;€0,00;n.a.;n.a.;€0,00;€0,00;€0,00;n.a.;n.a.;-€3 000,00;-€3 000,00;-€1 400,00;n.a.;n.a.;-€3 000,00;-€3 000,00;-€1 400,00;n.a.;n.a.;€1 679,00;€1 679,00;-€763,00;n.a.;n.a.;€0,00;€0,00;€0,00;n.a.;n.a.;€16,00;€16,00;€26,00;n.a.;n.a.;€6 492,00;€6 492,00;€3 000,00;n.a.;n.a.;€8 187,00;€8 187,00;€2 263,00;n.a.;n.a.;-€1 014,00;-€1 014,00;-€5 462,00;n.a.;n.a.;VLNDMZ77P30H501I;VALENTINI DOMIZIO;€0,43;GRNDLD78C17Z330Q;GRANO DANIELE ODDONE;€0,43;ZMEGNN80P10H224A;ZEMA GIOVANNI;€0,10;MRTMRC73H26G912C;MARTORELLA MARCO;0,05;;;;;;;;;;;;;;;;;;;;;;;;;;;;;;;;;;VALENTINI DOMIZIO;AMMINISTRATORE UNICO;48;;;;;;;;;;;;;;;;;;;;;;
;;;;;;;;;;;;;;;;;;;;;;;;;;;;;;;;;;;;;;;;;;;;;;;;;;;;;;;;;;;;;;;;;;;;;;;;;;;;;;;;;;;;;;;;;;;;;;;;;;;;;;;;;;;;;;;;;;;;;;;;;;;;;;;;;;;;;;;;;;;;;;;;;;;;;;;;;;;;;;;;;;;;;;;;;;;;;;;;;;;;;;;;;;;;;;;;;;;;;;;;;;;;;;;;;;;;;;;;;;;;;;;;;;;;;;;;;;;;;;;;;;;;;;;;;;;;;;;;;;;;;;;;;;;;;;;;;;;;;;;;;;;;;;;;;;;;;;;;;;;;;;;;;;;;;;;;;;;;;;;;;;;;;;;;;;;;;;;;;;;;;;;;;;;;;;;;;;;;;;;;;;;;;;;;;;;;;;;;;;;;;;;;;;;;;;;;;;;;;;;;;;;;;;
2133;0,00%;€0,00;n.a.;-€1 704,00;0,00%;-€1 909,00;€1 054,00;-0,62x;This technology provider specializes in cybersecurity software and smart infrastructure solutions. Its core offerings include encrypted data management platforms, BLE-based proximity systems, public Wi-Fi networks, and fiber optic sensing technology for environmental and utility monitoring. Serving sectors such as healthcare, banking, and public administration, the company has deployed over 1,000 integrated devices to support digital connectivity, geolocalized content delivery, and real-time infrastructure tracking across diverse urban and rural environments.;CYNOMA S.R.L.;0;0;Foggia;Mattinata (FG);621;https://cynoma.com;0;45;family;04521460719;04521460719;FAUX;FAUX;FAUX;Mattinata (FG), Puglia;41.7105, 16.0514;0;1;€0,00;-€1 704,00;n.a.;-€1 909,00;-20,25%;-23,59%;€9 145,00;€0,00;n.a.;n.a.;n.a.;-€1 704,00;n.a.;n.a.;n.a.;0,00%;n.a.;n.a.;n.a.;-€1 909,00;n.a.;n.a.;n.a.;€1 054,00;n.a.;n.a.;n.a.;-0,62x;n.a.;n.a.;n.a.;-20,25%;n.a.;n.a.;n.a.;-23,59%;n.a.;n.a.;n.a.;n.a.;n.a.;n.a.;n.a.;31/12/2024;31/12/2024;n.a.;n.a.;n.a.;€1 334,00;€1 334,00;n.a.;n.a.;n.a.;€0,00;€0,00;n.a.;n.a.;n.a.;€0,00;€0,00;n.a.;n.a.;n.a.;€1 334,00;€1 334,00;n.a.;n.a.;n.a.;€0,00;€0,00;n.a.;n.a.;n.a.;€311,00;€311,00;n.a.;n.a.;n.a.;€0,00;€0,00;n.a.;n.a.;n.a.;€311,00;€311,00;n.a.;n.a.;n.a.;€0,00;€0,00;n.a.;n.a.;n.a.;€0,00;€0,00;n.a.;n.a.;n.a.;€0,00;€0,00;n.a.;n.a.;n.a.;€7 500,00;€7 500,00;n.a.;n.a.;n.a.;€9 145,00;€9 145,00;n.a.;n.a.;n.a.;€1 098,00;€1 098,00;n.a.;n.a.;n.a.;-€44,00;-€44,00;n.a.;n.a.;n.a.;€1 054,00;€1 054,00;n.a.;n.a.;n.a.;€8 091,00;€8 091,00;n.a.;n.a.;n.a.;€9 145,00;€9 145,00;n.a.;n.a.;n.a.;€0,00;€0,00;n.a.;n.a.;n.a.;€0,00;€0,00;n.a.;n.a.;n.a.;€0,00;€0,00;n.a.;n.a.;n.a.;-€99,00;-€99,00;n.a.;n.a.;n.a.;-€99,00;-€99,00;n.a.;n.a.;n.a.;-€548,00;-€548,00;n.a.;n.a.;n.a.;-€548,00;-€548,00;n.a.;n.a.;n.a.;€0,00;€0,00;n.a.;n.a.;n.a.;€0,00;€0,00;n.a.;n.a.;n.a.;-€1 057,00;-€1 057,00;n.a.;n.a.;n.a.;€0,00;€0,00;n.a.;n.a.;n.a.;-€148,00;-€148,00;n.a.;n.a.;n.a.;-€1 852,00;-€1 852,00;n.a.;n.a.;n.a.;€0,00;€0,00;n.a.;n.a.;n.a.;-€57,00;-€57,00;n.a.;n.a.;n.a.;-€57,00;-€57,00;n.a.;n.a.;n.a.;€0,00;€0,00;n.a.;n.a.;n.a.;-€1 909,00;-€1 909,00;n.a.;n.a.;n.a.;€0,00;€0,00;n.a.;n.a.;n.a.;-€1 909,00;-€1 909,00;n.a.;n.a.;n.a.;n.a.;n.a.;n.a.;n.a.;n.a.;n.a.;n.a.;n.a.;n.a.;n.a.;n.a.;n.a.;n.a.;n.a.;n.a.;n.a.;n.a.;n.a.;n.a.;n.a.;n.a.;n.a.;n.a.;n.a.;n.a.;n.a.;n.a.;n.a.;n.a.;n.a.;n.a.;n.a.;n.a.;n.a.;n.a.;n.a.;n.a.;n.a.;n.a.;n.a.;n.a.;n.a.;n.a.;n.a.;n.a.;n.a.;n.a.;n.a.;n.a.;n.a.;n.a.;n.a.;n.a.;n.a.;n.a.;n.a.;n.a.;n.a.;n.a.;n.a.;n.a.;n.a.;n.a.;n.a.;n.a.;n.a.;n.a.;n.a.;n.a.;n.a.;CFFMSM81D28I403B;CIUFFREDA MASSIMO;€0,51;CROGCM41D22D882L;CORA' GIACOMO;€0,25;GTTRRT75A31B157L;GOTTI ROBERTO;€0,25;;;;;;;CFFMSM81D28I403B;CIUFFREDA MASSIMO;0,51;;;;;;;;;;;;;;;;;;;;;;;;;;;;CIUFFREDA MASSIMO;AMMINISTRATORE UNICO;44;;;;;;;;;;;;;;;;;;;;;;
2134;0,00%;€0,00;n.a.;-€1 500,00;0,00%;-€1 679,00;€16 984,00;-11,32x;Operando come holding industriale, questa società fornisce servizi aziendali centralizzati, tra cui la gestione della tesoreria, l'amministrazione e il coordinamento logistico. Attraverso i suoi investimenti strategici, è specializzata nell'ingegneria di alta precisione e nella produzione di componenti meccanici per i settori aerospaziale, spaziale e della difesa. L'azienda si concentra sulla produzione ad alta tecnologia e sulla pianificazione strategica per applicazioni industriali critiche.;SANSONE S.R.L.;0;0;Napoli;Boscoreale (NA);6421;n.a.;n.a.;39;individual;10891291212;10891291212;FAUX;VRAI;FAUX;Boscoreale (NA), Campania;40.7753, 14.4753;0;n.a.;€0,00;-€1 500,00;n.a.;-€1 679,00;-6,64%;-20,18%;€25 305,00;n.a.;n.a.;n.a.;n.a.;n.a.;n.a.;n.a.;n.a.;n.a.;n.a.;n.a.;n.a.;n.a.;n.a.;n.a.;n.a.;n.a.;n.a.;n.a.;n.a.;n.a.;n.a.;n.a.;n.a.;n.a.;n.a.;n.a.;n.a.;n.a.;n.a.;n.a.;n.a.;n.a.;n.a.;n.a.;n.a.;31/12/2025;n.a.;n.a.;n.a.;n.a.;€715,00;n.a.;n.a.;n.a.;n.a.;€0,00;n.a.;n.a.;n.a.;n.a.;€21 800,00;n.a.;n.a.;n.a.;n.a.;€22 515,00;n.a.;n.a.;n.a.;n.a.;€0,00;n.a.;n.a.;n.a.;n.a.;€2 790,00;n.a.;n.a.;n.a.;n.a.;€0,00;n.a.;n.a.;n.a.;n.a.;€2 790,00;n.a.;n.a.;n.a.;n.a.;€0,00;n.a.;n.a.;n.a.;n.a.;€0,00;n.a.;n.a.;n.a.;n.a.;€0,00;n.a.;n.a.;n.a.;n.a.;€0,00;n.a.;n.a.;n.a.;n.a.;€25 305,00;n.a.;n.a.;n.a.;n.a.;€26 984,00;n.a.;n.a.;n.a.;n.a.;-€10 000,00;n.a.;n.a.;n.a.;n.a.;€16 984,00;n.a.;n.a.;n.a.;n.a.;€8 321,00;n.a.;n.a.;n.a.;n.a.;€25 305,00;n.a.;n.a.;n.a.;n.a.;€0,00;n.a.;n.a.;n.a.;n.a.;€0,00;n.a.;n.a.;n.a.;n.a.;€0,00;n.a.;n.a.;n.a.;n.a.;€0,00;n.a.;n.a.;n.a.;n.a.;€0,00;n.a.;n.a.;n.a.;n.a.;-€1 500,00;n.a.;n.a.;n.a.;n.a.;-€1 500,00;n.a.;n.a.;n.a.;n.a.;€0,00;n.a.;n.a.;n.a.;n.a.;€0,00;n.a.;n.a.;n.a.;n.a.;€0,00;n.a.;n.a.;n.a.;n.a.;€0,00;n.a.;n.a.;n.a.;n.a.;-€179,00;n.a.;n.a.;n.a.;n.a.;-€1 679,00;n.a.;n.a.;n.a.;n.a.;€0,00;n.a.;n.a.;n.a.;n.a.;€0,00;n.a.;n.a.;n.a.;n.a.;€0,00;n.a.;n.a.;n.a.;n.a.;€0,00;n.a.;n.a.;n.a.;n.a.;-€1 679,00;n.a.;n.a.;n.a.;n.a.;€0,00;n.a.;n.a.;n.a.;n.a.;-€1 679,00;n.a.;n.a.;n.a.;n.a.;n.a.;n.a.;n.a.;n.a.;n.a.;n.a.;n.a.;n.a.;n.a.;n.a.;n.a.;n.a.;n.a.;n.a.;n.a.;n.a.;n.a.;n.a.;n.a.;n.a.;n.a.;n.a.;n.a.;n.a.;n.a.;n.a.;n.a.;n.a.;n.a.;n.a.;n.a.;n.a.;n.a.;n.a.;n.a.;n.a.;n.a.;n.a.;n.a.;n.a.;n.a.;n.a.;n.a.;n.a.;n.a.;n.a.;n.a.;n.a.;n.a.;n.a.;n.a.;n.a.;n.a.;n.a.;n.a.;n.a.;n.a.;n.a.;n.a.;n.a.;n.a.;n.a.;n.a.;n.a.;n.a.;n.a.;n.a.;n.a.;n.a.;n.a.;SNSRFL86M13I483F;SANSONE RAFFAELE;€1,00;;;;;;;;;;;;;SNSRFL86M13I483F;SANSONE RAFFAELE;1;;;;;;;;;;;;;IT07547751219;SOPHIA HIGH TECH S.R.L.;0,42;IT10060881215;QUREMA S.R.L.;0,5;;;;;;;;;;SANSONE RAFFAELE;AMMINISTRATORE UNICO;39;;;;;;;;;;;;;;;;;;;;;;
;;;;;;;;;;;;;;;;;;;;;;;;;;;;;;;;;;;;;;;;;;;;;;;;;;;;;;;;;;;;;;;;;;;;;;;;;;;;;;;;;;;;;;;;;;;;;;;;;;;;;;;;;;;;;;;;;;;;;;;;;;;;;;;;;;;;;;;;;;;;;;;;;;;;;;;;;;;;;;;;;;;;;;;;;;;;;;;;;;;;;;;;;;;;;;;;;;;;;;;;;;;;;;;;;;;;;;;;;;;;;;;;;;;;;;;;;;;;;;;;;;;;;;;;;;;;;;;;;;;;;;;;;;;;;;;;;;;;;;;;;;;;;;;;;;;;;;;;;;;;;;;;;;;;;;;;;;;;;;;;;;;;;;;;;;;;;;;;;;;;;;;;;;;;;;;;;;;;;;;;;;;;;;;;;;;;;;;;;;;;;;;;;;;;;;;;;;;;;;;;;;;;;;
2136;0,00%;€0,00;n.a.;-€21 514,00;0,00%;€1 045 636,00;-€59 463,00;-2,76x;Azienda di ingegneria meccanica e difesa specializzata nella lavorazione meccanica generale e nella progettazione e produzione di veicoli subacquei speciali per applicazioni marine militari.;VQ-TEC S.R.L.;0;0;Milano;Milano (MI);6421;n.a.;n.a.;63;family;11565640965;11565640965;FAUX;VRAI;FAUX;Milano (MI), Lombardia;45.479, 9.212;0;n.a.;€29,67;-€21 396,00;-72120,50%;€1 099 087,33;-0,26%;11,10%;€9 359 308,00;€0,00;€0,00;€0,00;€0,00;-€21 514,00;-€21 673,00;-€21 001,00;-€36 758,00;0,00%;0,00%;-23596,63%;0,00%;€1 045 636,00;€1 075 477,00;€1 176 149,00;€5 971 508,00;-€59 463,00;-€99 483,00;-€76 733,00;-€36 359,00;-2,76x;-4,59x;-3,65x;-0,99x;-0,26%;-0,30%;-0,33%;-0,64%;11,10%;12,84%;16,12%;97,55%;n.a.;n.a.;n.a.;n.a.;31/12/2024;31/12/2024;31/12/2023;31/12/2022;31/12/2021;€2 850,00;€2 850,00;€5 700,00;€8 550,00;€11 400,00;€0,00;€0,00;€0,00;€0,00;€0,00;€11 500 000,00;€11 500 000,00;€11 500 000,00;€11 500 000,00;€11 500 000,00;€11 502 850,00;€11 502 850,00;€11 505 700,00;€11 508 550,00;€11 511 400,00;€0,00;€0,00;€0,00;€0,00;€0,00;€0,00;€0,00;€0,00;€0,00;€0,00;-€6 344,00;-€6 344,00;-€32 253,00;-€17 949,00;-€12 688,00;-€6 344,00;-€6 344,00;-€32 253,00;-€17 949,00;-€12 688,00;€2 802,00;€2 802,00;€10 205,00;€10 323,00;€321,00;-€2 140 000,00;-€2 140 000,00;-€3 210 000,00;-€4 280 000,00;-€5 413 884,00;-€2 137 198,00;-€2 137 198,00;-€3 199 795,00;-€4 269 677,00;-€5 413 563,00;€0,00;€0,00;€0,00;€0,00;€0,00;€9 359 308,00;€9 359 308,00;€8 273 652,00;€7 220 924,00;€6 085 149,00;€0,00;€0,00;€0,00;€0,00;€0,00;-€59 463,00;-€59 463,00;-€99 483,00;-€76 733,00;-€36 359,00;-€59 463,00;-€59 463,00;-€99 483,00;-€76 733,00;-€36 359,00;€9 418 771,00;€9 418 771,00;€8 373 135,00;€7 297 657,00;€6 121 508,00;€9 359 308,00;€9 359 308,00;€8 273 652,00;€7 220 924,00;€6 085 149,00;€0,00;€0,00;€0,00;€0,00;€0,00;€0,00;€0,00;€0,00;€89,00;€0,00;€0,00;€0,00;€0,00;€89,00;€0,00;€0,00;€0,00;€0,00;€0,00;€0,00;€0,00;€0,00;€0,00;€89,00;€0,00;-€21 394,00;-€21 394,00;-€21 530,00;-€20 968,00;-€13 758,00;-€21 394,00;-€21 394,00;-€21 530,00;-€20 968,00;-€13 758,00;€0,00;€0,00;€0,00;€0,00;€0,00;€0,00;€0,00;€0,00;€0,00;€0,00;-€120,00;-€120,00;-€143,00;-€122,00;-€23 000,00;€0,00;€0,00;€0,00;€0,00;€0,00;-€2 850,00;-€2 850,00;-€2 850,00;-€2 850,00;-€2 850,00;-€24 364,00;-€24 364,00;-€24 523,00;-€23 851,00;-€39 608,00;€1 070 000,00;€1 070 000,00;€1 100 000,00;€1 200 000,00;€6 075 000,00;€0,00;€0,00;€0,00;€0,00;€0,00;€1 070 000,00;€1 070 000,00;€1 100 000,00;€1 200 000,00;€6 075 000,00;€0,00;€0,00;€0,00;€0,00;€0,00;€1 045 636,00;€1 045 636,00;€1 075 477,00;€1 176 149,00;€6 035 392,00;€0,00;€0,00;€0,00;€0,00;-€63 884,00;€1 045 636,00;€1 045 636,00;€1 075 477,00;€1 176 149,00;€5 971 508,00;-€25 909,00;-€25 909,00;€14 304,00;€5 261,00;n.a.;€0,00;€0,00;€0,00;€0,00;n.a.;-€1 062 597,00;-€1 062 597,00;-€1 069 882,00;-€1 143 886,00;n.a.;-€1 110 020,00;-€1 110 020,00;-€1 077 251,00;-€1 159 626,00;n.a.;-€2 850,00;-€2 850,00;-€2 850,00;-€2 850,00;n.a.;€0,00;€0,00;€0,00;€0,00;n.a.;€2 850,00;€2 850,00;€2 850,00;€2 850,00;n.a.;€0,00;€0,00;€0,00;€0,00;n.a.;€0,00;€0,00;€0,00;€0,00;n.a.;€0,00;€0,00;€0,00;€0,00;n.a.;€1 070 000,00;€1 070 000,00;€1 100 000,00;€1 200 000,00;n.a.;€0,00;€0,00;€1,00;€0,00;n.a.;€1 070 000,00;€1 070 000,00;€1 100 001,00;€1 200 000,00;n.a.;-€40 020,00;-€40 020,00;€22 750,00;€40 374,00;n.a.;VLLLRT63E05H264A;VILLA ALBERTO GIACOMO ENRICO;€0,60;VLLLSS89P17H264M;VILLA ALESSIO;€0,40;;;;;;;;;;VLLLRT63E05H264A;VILLA ALBERTO GIACOMO ENRICO;0,6;;;;;;;;;;;;;IT00859760159;C.A.B.I. CATTANEO - S.P.A.;1;;;;;;;;;;;;;VILLA ALBERTO GIACOMO ENRICO;AMMINISTRATORE UNICO;63;PIRASTU ANDREA;REVISORE LEGALE;38;;;;;;;;;;;;;;;;;;;
;;;;;;;;;;;;;;;;;;;;;;;;;;;;;;;;;;;;;;;;;;;;;;;;;;;;;;;;;;;;;;;;;;;;;;;;;;;;;;;;;;;;;;;;;;;;;;;;;;;;;;;;;;;;;;;;;;;;;;;;;;;;;;;;;;;;;;;;;;;;;;;;;;;;;;;;;;;;;;;;;;;;;;;;;;;;;;;;;;;;;;;;;;;;;;;;;;;;;;;;;;;;;;;;;;;;;;;;;;;;;;;;;;;;;;;;;;;;;;;;;;;;;;;;;;;;;;;;;;;;;;;;;;;;;;;;;;;;;;;;;;;;;;;;;;;;;;;;;;;;;;;;;;;;;;;;;;;;;;;;;;;;;;;;;;;;;;;;;;;;;;;;;;;;;;;;;;;;;;;;;;;;;;;;;;;;;;;;;;;;;;;;;;;;;;;;;;;;;;;;;;;;;;
;;;;;;;;;;;;;;;;;;;;;;;;;;;;;;;;;;;;;;;;;;;;;;;;;;;;;;;;;;;;;;;;;;;;;;;;;;;;;;;;;;;;;;;;;;;;;;;;;;;;;;;;;;;;;;;;;;;;;;;;;;;;;;;;;;;;;;;;;;;;;;;;;;;;;;;;;;;;;;;;;;;;;;;;;;;;;;;;;;;;;;;;;;;;;;;;;;;;;;;;;;;;;;;;;;;;;;;;;;;;;;;;;;;;;;;;;;;;;;;;;;;;;;;;;;;;;;;;;;;;;;;;;;;;;;;;;;;;;;;;;;;;;;;;;;;;;;;;;;;;;;;;;;;;;;;;;;;;;;;;;;;;;;;;;;;;;;;;;;;;;;;;;;;;;;;;;;;;;;;;;;;;;;;;;;;;;;;;;;;;;;;;;;;;;;;;;;;;;;;;;;;;;;
;;;;;;;;;;;;;;;;;;;;;;;;;;;;;;;;;;;;;;;;;;;;;;;;;;;;;;;;;;;;;;;;;;;;;;;;;;;;;;;;;;;;;;;;;;;;;;;;;;;;;;;;;;;;;;;;;;;;;;;;;;;;;;;;;;;;;;;;;;;;;;;;;;;;;;;;;;;;;;;;;;;;;;;;;;;;;;;;;;;;;;;;;;;;;;;;;;;;;;;;;;;;;;;;;;;;;;;;;;;;;;;;;;;;;;;;;;;;;;;;;;;;;;;;;;;;;;;;;;;;;;;;;;;;;;;;;;;;;;;;;;;;;;;;;;;;;;;;;;;;;;;;;;;;;;;;;;;;;;;;;;;;;;;;;;;;;;;;;;;;;;;;;;;;;;;;;;;;;;;;;;;;;;;;;;;;;;;;;;;;;;;;;;;;;;;;;;;;;;;;;;;;;;
;;;;;;;;;;;;;;;;;;;;;;;;;;;;;;;;;;;;;;;;;;;;;;;;;;;;;;;;;;;;;;;;;;;;;;;;;;;;;;;;;;;;;;;;;;;;;;;;;;;;;;;;;;;;;;;;;;;;;;;;;;;;;;;;;;;;;;;;;;;;;;;;;;;;;;;;;;;;;;;;;;;;;;;;;;;;;;;;;;;;;;;;;;;;;;;;;;;;;;;;;;;;;;;;;;;;;;;;;;;;;;;;;;;;;;;;;;;;;;;;;;;;;;;;;;;;;;;;;;;;;;;;;;;;;;;;;;;;;;;;;;;;;;;;;;;;;;;;;;;;;;;;;;;;;;;;;;;;;;;;;;;;;;;;;;;;;;;;;;;;;;;;;;;;;;;;;;;;;;;;;;;;;;;;;;;;;;;;;;;;;;;;;;;;;;;;;;;;;;;;;;;;;;
2141;0,00%;€0,00;n.a.;-€9 169,00;0,00%;-€9 169,00;-€12 009,00;-1,31x;This technology company specializes in the research, engineering, and development of digital security systems. Its core product offerings focus on the secure acquisition and digitalization of sensitive data on mobile devices. By prioritizing data integrity, the company provides specialized technological solutions designed to protect information throughout the mobile capture process for clients operating within the digital security and mobile data sectors.;LAVELAPP S.R.L.;0;0;Brescia;Brescia (BS);621;https://lavelapp.it;0;54;family;04451660981;04451660981;FAUX;FAUX;FAUX;Brescia (BS), Lombardia;45.5353, 10.2123;0;1;€0,50;-€8 430,50;-1686100,00%;-€8 430,50;-11,30%;-9,84%;€81 130,00;€0,00;€0,00;n.a.;n.a.;-€9 169,00;-€7 692,00;n.a.;n.a.;0,00%;-769200,00%;n.a.;n.a.;-€9 169,00;-€7 692,00;n.a.;n.a.;-€12 009,00;-€46 949,00;n.a.;n.a.;-1,31x;-6,10x;n.a.;n.a.;-11,30%;-13,89%;n.a.;n.a.;-9,84%;-7,52%;n.a.;n.a.;n.a.;n.a.;n.a.;n.a.;31/12/2024;31/12/2024;31/12/2023;n.a.;n.a.;€67 318,00;€67 318,00;€45 575,00;n.a.;n.a.;€0,00;€0,00;€0,00;n.a.;n.a.;€0,00;€0,00;€0,00;n.a.;n.a.;€67 318,00;€67 318,00;€45 575,00;n.a.;n.a.;€0,00;€0,00;€0,00;n.a.;n.a.;€13 811,00;€13 811,00;€9 784,00;n.a.;n.a.;€0,00;€0,00;€0,00;n.a.;n.a.;€13 811,00;€13 811,00;€9 784,00;n.a.;n.a.;€1,00;€1,00;€0,00;n.a.;n.a.;€0,00;€0,00;€0,00;n.a.;n.a.;€1,00;€1,00;€0,00;n.a.;n.a.;€0,00;€0,00;€0,00;n.a.;n.a.;€81 130,00;€81 130,00;€55 359,00;n.a.;n.a.;€12 644,00;€12 644,00;€11 311,00;n.a.;n.a.;-€24 653,00;-€24 653,00;-€58 260,00;n.a.;n.a.;-€12 009,00;-€12 009,00;-€46 949,00;n.a.;n.a.;€93 139,00;€93 139,00;€102 308,00;n.a.;n.a.;€81 130,00;€81 130,00;€55 359,00;n.a.;n.a.;€0,00;€0,00;€0,00;n.a.;n.a.;€0,00;€0,00;€1,00;n.a.;n.a.;€0,00;€0,00;€1,00;n.a.;n.a.;€0,00;€0,00;-€580,00;n.a.;n.a.;€0,00;€0,00;-€579,00;n.a.;n.a.;-€8 503,00;-€8 503,00;-€5 642,00;n.a.;n.a.;-€8 503,00;-€8 503,00;-€5 642,00;n.a.;n.a.;€0,00;€0,00;€0,00;n.a.;n.a.;€0,00;€0,00;€0,00;n.a.;n.a.;-€666,00;-€666,00;-€1 471,00;n.a.;n.a.;€0,00;€0,00;€0,00;n.a.;n.a.;€0,00;€0,00;€0,00;n.a.;n.a.;-€9 169,00;-€9 169,00;-€7 692,00;n.a.;n.a.;€0,00;€0,00;€0,00;n.a.;n.a.;€0,00;€0,00;€0,00;n.a.;n.a.;€0,00;€0,00;€0,00;n.a.;n.a.;€0,00;€0,00;€0,00;n.a.;n.a.;-€9 169,00;-€9 169,00;-€7 692,00;n.a.;n.a.;€0,00;€0,00;€0,00;n.a.;n.a.;-€9 169,00;-€9 169,00;-€7 692,00;n.a.;n.a.;-€4 027,00;-€4 027,00;n.a.;n.a.;n.a.;€0,00;€0,00;n.a.;n.a.;n.a.;-€1,00;-€1,00;n.a.;n.a.;n.a.;-€13 197,00;-€13 197,00;n.a.;n.a.;n.a.;€0,00;€0,00;n.a.;n.a.;n.a.;€0,00;€0,00;n.a.;n.a.;n.a.;-€21 743,00;-€21 743,00;n.a.;n.a.;n.a.;-€21 743,00;-€21 743,00;n.a.;n.a.;n.a.;€1 333,00;€1 333,00;n.a.;n.a.;n.a.;€0,00;€0,00;n.a.;n.a.;n.a.;€0,00;€0,00;n.a.;n.a.;n.a.;€0,00;€0,00;n.a.;n.a.;n.a.;€1 333,00;€1 333,00;n.a.;n.a.;n.a.;-€33 607,00;-€33 607,00;n.a.;n.a.;n.a.;CRBTSN63E65I437T;ACERBIS TERESINA;€0,20;IT04694530165;LAVEL HOLDING S.R.L.;€0,20;PVNCLL80B28B393V;PIEVANI ACHILLE;€0,17;VGNLCU83R31I437M;VEGINI LUCA;0,165;MRTLNZ83H30B157P;MURATORI LORENZO;0,165;;;;;;;;;;;;;;;;;;;;;;;;;;;;;;;LAVELLI GABRIELE;AMMINISTRATORE UNICO;54;;;;;;;;;;;;;;;;;;;;;;
2142;0,00%;€0,00;n.a.;-€681,00;0,00%;-€705,00;€5 130,00;-7,53x;Aerospace manufacturing firm specializing in the production of standardized, highly maneuverable satellite platforms. The company develops proprietary propulsion and thrust vectoring systems utilizing 3D-printed components to facilitate in-orbit assembly, inspection, debris removal, and satellite repair. By streamlining production, the firm reduces satellite development cycles to approximately four months, providing essential hardware and mobility solutions for space missions and commercial satellite operators.;META FUTURA AEROSPACE ITALY S.R.L.;0;0;Treviso;San Vendemiano (TV);26511;https://metafuturaaerospace.com;1;24;foreign;05509300264;05509300264;FAUX;FAUX;VRAI;San Vendemiano (TV), Veneto;45.8913, 12.339;0;1;€0,00;-€681,00;n.a.;-€705,00;-15,69%;100,28%;€4 427,00;€0,00;n.a.;n.a.;n.a.;-€681,00;n.a.;n.a.;n.a.;0,00%;n.a.;n.a.;n.a.;-€705,00;n.a.;n.a.;n.a.;€5 130,00;n.a.;n.a.;n.a.;-7,53x;n.a.;n.a.;n.a.;-15,69%;n.a.;n.a.;n.a.;100,28%;n.a.;n.a.;n.a.;n.a.;n.a.;n.a.;n.a.;31/12/2024;31/12/2024;n.a.;n.a.;n.a.;€2 169,00;€2 169,00;n.a.;n.a.;n.a.;€1 557,00;€1 557,00;n.a.;n.a.;n.a.;€0,00;€0,00;n.a.;n.a.;n.a.;€3 726,00;€3 726,00;n.a.;n.a.;n.a.;€0,00;€0,00;n.a.;n.a.;n.a.;€699,00;€699,00;n.a.;n.a.;n.a.;€0,00;€0,00;n.a.;n.a.;n.a.;€699,00;€699,00;n.a.;n.a.;n.a.;€2,00;€2,00;n.a.;n.a.;n.a.;€0,00;€0,00;n.a.;n.a.;n.a.;€2,00;€2,00;n.a.;n.a.;n.a.;€0,00;€0,00;n.a.;n.a.;n.a.;€4 427,00;€4 427,00;n.a.;n.a.;n.a.;€35 633,00;€35 633,00;n.a.;n.a.;n.a.;-€30 503,00;-€30 503,00;n.a.;n.a.;n.a.;€5 130,00;€5 130,00;n.a.;n.a.;n.a.;-€703,00;-€703,00;n.a.;n.a.;n.a.;€4 427,00;€4 427,00;n.a.;n.a.;n.a.;€0,00;€0,00;n.a.;n.a.;n.a.;€0,00;€0,00;n.a.;n.a.;n.a.;€0,00;€0,00;n.a.;n.a.;n.a.;€0,00;€0,00;n.a.;n.a.;n.a.;€0,00;€0,00;n.a.;n.a.;n.a.;-€600,00;-€600,00;n.a.;n.a.;n.a.;-€600,00;-€600,00;n.a.;n.a.;n.a.;€0,00;€0,00;n.a.;n.a.;n.a.;€0,00;€0,00;n.a.;n.a.;n.a.;-€81,00;-€81,00;n.a.;n.a.;n.a.;€0,00;€0,00;n.a.;n.a.;n.a.;€0,00;€0,00;n.a.;n.a.;n.a.;-€681,00;-€681,00;n.a.;n.a.;n.a.;€0,00;€0,00;n.a.;n.a.;n.a.;-€10,00;-€10,00;n.a.;n.a.;n.a.;-€10,00;-€10,00;n.a.;n.a.;n.a.;€0,00;€0,00;n.a.;n.a.;n.a.;-€691,00;-€691,00;n.a.;n.a.;n.a.;-€14,00;-€14,00;n.a.;n.a.;n.a.;-€705,00;-€705,00;n.a.;n.a.;n.a.;n.a.;n.a.;n.a.;n.a.;n.a.;n.a.;n.a.;n.a.;n.a.;n.a.;n.a.;n.a.;n.a.;n.a.;n.a.;n.a.;n.a.;n.a.;n.a.;n.a.;n.a.;n.a.;n.a.;n.a.;n.a.;n.a.;n.a.;n.a.;n.a.;n.a.;n.a.;n.a.;n.a.;n.a.;n.a.;n.a.;n.a.;n.a.;n.a.;n.a.;n.a.;n.a.;n.a.;n.a.;n.a.;n.a.;n.a.;n.a.;n.a.;n.a.;n.a.;n.a.;n.a.;n.a.;n.a.;n.a.;n.a.;n.a.;n.a.;n.a.;n.a.;n.a.;n.a.;n.a.;n.a.;n.a.;n.a.;n.a.;n.a.;n.a.;;META FUTURA AEROSPACE LTD;€1,00;;;;;;;;;;;;;;META FUTURA AEROSPACE LTD;1;;;;;;;;;;;;;;;;;;;;;;;;;;;;PISANI FABRIZIO;AMMINISTRATORE UNICO;24;META FUTURA AEROSPACE LTD;SOCIO UNICO;;;;;;;;;;;;;;;;;;;;
;;;;;;;;;;;;;;;;;;;;;;;;;;;;;;;;;;;;;;;;;;;;;;;;;;;;;;;;;;;;;;;;;;;;;;;;;;;;;;;;;;;;;;;;;;;;;;;;;;;;;;;;;;;;;;;;;;;;;;;;;;;;;;;;;;;;;;;;;;;;;;;;;;;;;;;;;;;;;;;;;;;;;;;;;;;;;;;;;;;;;;;;;;;;;;;;;;;;;;;;;;;;;;;;;;;;;;;;;;;;;;;;;;;;;;;;;;;;;;;;;;;;;;;;;;;;;;;;;;;;;;;;;;;;;;;;;;;;;;;;;;;;;;;;;;;;;;;;;;;;;;;;;;;;;;;;;;;;;;;;;;;;;;;;;;;;;;;;;;;;;;;;;;;;;;;;;;;;;;;;;;;;;;;;;;;;;;;;;;;;;;;;;;;;;;;;;;;;;;;;;;;;;;
2144;0,00%;€0,00;n.a.;-€1 880,00;0,00%;-€2 315,00;-€509,00;-0,27x;Aerospace technology firm specializing in the design and manufacturing of nanosatellites and integrated payloads. The company provides space-based telecommunications and Earth observation services, supporting the development of specialized space applications. By focusing on the production of CubeSats, the firm enables scalable orbital operations for diverse research and commercial sectors requiring compact, high-performance satellite infrastructure.;STARLAKE S.R.L.;0;0;Brindisi;Carovigno (BR);721029;https://starlake.space;0;55;company;02730590748;02730590748;FAUX;FAUX;FAUX;Carovigno (BR), Puglia;40.709, 17.6584;0;1;€0,00;-€1 046,50;n.a.;-€1 438,50;-34,96%;-32,50%;€6 614,00;€0,00;€0,00;n.a.;n.a.;-€1 880,00;-€213,00;n.a.;n.a.;0,00%;0,00%;n.a.;n.a.;-€2 315,00;-€562,00;n.a.;n.a.;-€509,00;-€2 544,00;n.a.;n.a.;-0,27x;-11,94x;n.a.;n.a.;-34,96%;-8,15%;n.a.;n.a.;-32,50%;-5,95%;n.a.;n.a.;n.a.;n.a.;n.a.;n.a.;31/12/2024;31/12/2024;31/12/2023;n.a.;n.a.;€1 379,00;€1 379,00;€1 395,00;n.a.;n.a.;€0,00;€0,00;€0,00;n.a.;n.a.;€0,00;€0,00;€0,00;n.a.;n.a.;€1 379,00;€1 379,00;€1 395,00;n.a.;n.a.;€0,00;€0,00;€0,00;n.a.;n.a.;€0,00;€0,00;€0,00;n.a.;n.a.;-€624,00;-€624,00;-€624,00;n.a.;n.a.;-€624,00;-€624,00;-€624,00;n.a.;n.a.;€391,00;€391,00;€243,00;n.a.;n.a.;-€132,00;-€132,00;-€220,00;n.a.;n.a.;€259,00;€259,00;€23,00;n.a.;n.a.;€5 600,00;€5 600,00;€6 100,00;n.a.;n.a.;€6 614,00;€6 614,00;€6 894,00;n.a.;n.a.;€25,00;€25,00;€0,00;n.a.;n.a.;-€534,00;-€534,00;-€2 544,00;n.a.;n.a.;-€509,00;-€509,00;-€2 544,00;n.a.;n.a.;€7 123,00;€7 123,00;€9 438,00;n.a.;n.a.;€6 614,00;€6 614,00;€6 894,00;n.a.;n.a.;€0,00;€0,00;€0,00;n.a.;n.a.;€0,00;€0,00;€0,00;n.a.;n.a.;€0,00;€0,00;€0,00;n.a.;n.a.;€0,00;€0,00;€0,00;n.a.;n.a.;€0,00;€0,00;€0,00;n.a.;n.a.;-€1 324,00;-€1 324,00;-€208,00;n.a.;n.a.;-€1 324,00;-€1 324,00;-€208,00;n.a.;n.a.;€0,00;€0,00;€0,00;n.a.;n.a.;€0,00;€0,00;€0,00;n.a.;n.a.;-€556,00;-€556,00;-€5,00;n.a.;n.a.;€0,00;€0,00;€0,00;n.a.;n.a.;-€432,00;-€432,00;-€349,00;n.a.;n.a.;-€2 312,00;-€2 312,00;-€562,00;n.a.;n.a.;€0,00;€0,00;€0,00;n.a.;n.a.;-€3,00;-€3,00;€0,00;n.a.;n.a.;-€3,00;-€3,00;€0,00;n.a.;n.a.;€0,00;€0,00;€0,00;n.a.;n.a.;-€2 315,00;-€2 315,00;-€562,00;n.a.;n.a.;€0,00;€0,00;€0,00;n.a.;n.a.;-€2 315,00;-€2 315,00;-€562,00;n.a.;n.a.;€0,00;€0,00;n.a.;n.a.;n.a.;€0,00;€0,00;n.a.;n.a.;n.a.;-€236,00;-€236,00;n.a.;n.a.;n.a.;-€2 116,00;-€2 116,00;n.a.;n.a.;n.a.;-€432,00;-€432,00;n.a.;n.a.;n.a.;€0,00;€0,00;n.a.;n.a.;n.a.;€16,00;€16,00;n.a.;n.a.;n.a.;-€416,00;-€416,00;n.a.;n.a.;n.a.;€25,00;€25,00;n.a.;n.a.;n.a.;€500,00;€500,00;n.a.;n.a.;n.a.;-€3,00;-€3,00;n.a.;n.a.;n.a.;€0,00;€0,00;n.a.;n.a.;n.a.;€522,00;€522,00;n.a.;n.a.;n.a.;-€2 010,00;-€2 010,00;n.a.;n.a.;n.a.;IT02458390743;COSTRUZIONI SOLARI INTEGRATE S.R.L.;€0,51;LGHPRL70R01B180S;LAGHEZZA PIETRO LUIGI;€0,49;;;;;;;;;;BNGPSQ71B67G187N;BUONGIORNO PASQUA;0,8;IT02458390743;COSTRUZIONI SOLARI INTEGRATE S.R.L.;0,51;;;;;;;;;;;;;;;;;;;;;;;;;LAGHEZZA PIETRO LUIGI;AMMINISTRATORE UNICO;55;;;;;;;;;;;;;;;;;;;;;;
;;;;;;;;;;;;;;;;;;;;;;;;;;;;;;;;;;;;;;;;;;;;;;;;;;;;;;;;;;;;;;;;;;;;;;;;;;;;;;;;;;;;;;;;;;;;;;;;;;;;;;;;;;;;;;;;;;;;;;;;;;;;;;;;;;;;;;;;;;;;;;;;;;;;;;;;;;;;;;;;;;;;;;;;;;;;;;;;;;;;;;;;;;;;;;;;;;;;;;;;;;;;;;;;;;;;;;;;;;;;;;;;;;;;;;;;;;;;;;;;;;;;;;;;;;;;;;;;;;;;;;;;;;;;;;;;;;;;;;;;;;;;;;;;;;;;;;;;;;;;;;;;;;;;;;;;;;;;;;;;;;;;;;;;;;;;;;;;;;;;;;;;;;;;;;;;;;;;;;;;;;;;;;;;;;;;;;;;;;;;;;;;;;;;;;;;;;;;;;;;;;;;;;
;;;;;;;;;;;;;;;;;;;;;;;;;;;;;;;;;;;;;;;;;;;;;;;;;;;;;;;;;;;;;;;;;;;;;;;;;;;;;;;;;;;;;;;;;;;;;;;;;;;;;;;;;;;;;;;;;;;;;;;;;;;;;;;;;;;;;;;;;;;;;;;;;;;;;;;;;;;;;;;;;;;;;;;;;;;;;;;;;;;;;;;;;;;;;;;;;;;;;;;;;;;;;;;;;;;;;;;;;;;;;;;;;;;;;;;;;;;;;;;;;;;;;;;;;;;;;;;;;;;;;;;;;;;;;;;;;;;;;;;;;;;;;;;;;;;;;;;;;;;;;;;;;;;;;;;;;;;;;;;;;;;;;;;;;;;;;;;;;;;;;;;;;;;;;;;;;;;;;;;;;;;;;;;;;;;;;;;;;;;;;;;;;;;;;;;;;;;;;;;;;;;;;;
2147;0,00%;€0,00;n.a.;-€11,00;0,00%;€8 166 413,00;-€3 994,00;-363,09x;Operando nel settore della difesa high-tech, questa holding fornisce coordinamento strategico e consulenza tecnica per lo sviluppo di software avanzati di cybersecurity e sistemi di intelligenza artificiale. La sua offerta principale si concentra sulla protezione dei dati e sull'analisi tecnologica complessa per clienti governativi e B2B, centralizzando la governance e le policy per l'esecuzione tecnica specializzata e la distribuzione sul mercato.;DEAS HOLDING S.R.L.;0;0;Roma;Roma (RM);821;n.a.;n.a.;48;individual;13834060967;13834060967;FAUX;VRAI;FAUX;Roma (RM), Lazio;41.8928, 12.4837;0;n.a.;€0,00;-€11,00;n.a.;€8 166 413,00;0,00%;98,08%;€8 322 419,00;€0,00;n.a.;n.a.;n.a.;-€11,00;n.a.;n.a.;n.a.;0,00%;n.a.;n.a.;n.a.;€8 166 413,00;n.a.;n.a.;n.a.;-€3 994,00;n.a.;n.a.;n.a.;-363,09x;n.a.;n.a.;n.a.;0,00%;n.a.;n.a.;n.a.;98,08%;n.a.;n.a.;n.a.;n.a.;n.a.;n.a.;n.a.;31/12/2024;31/12/2024;n.a.;n.a.;n.a.;€15 017,00;€15 017,00;n.a.;n.a.;n.a.;€0,00;€0,00;n.a.;n.a.;n.a.;€396 000,00;€396 000,00;n.a.;n.a.;n.a.;€411 017,00;€411 017,00;n.a.;n.a.;n.a.;€0,00;€0,00;n.a.;n.a.;n.a.;€8 015 921,00;€8 015 921,00;n.a.;n.a.;n.a.;-€5 021,00;-€5 021,00;n.a.;n.a.;n.a.;€8 010 900,00;€8 010 900,00;n.a.;n.a.;n.a.;€0,00;€0,00;n.a.;n.a.;n.a.;-€99 498,00;-€99 498,00;n.a.;n.a.;n.a.;-€99 498,00;-€99 498,00;n.a.;n.a.;n.a.;€0,00;€0,00;n.a.;n.a.;n.a.;€8 322 419,00;€8 322 419,00;n.a.;n.a.;n.a.;€6 000,00;€6 000,00;n.a.;n.a.;n.a.;-€9 994,00;-€9 994,00;n.a.;n.a.;n.a.;-€3 994,00;-€3 994,00;n.a.;n.a.;n.a.;€8 326 413,00;€8 326 413,00;n.a.;n.a.;n.a.;€8 322 419,00;€8 322 419,00;n.a.;n.a.;n.a.;€0,00;€0,00;n.a.;n.a.;n.a.;€0,00;€0,00;n.a.;n.a.;n.a.;€0,00;€0,00;n.a.;n.a.;n.a.;€0,00;€0,00;n.a.;n.a.;n.a.;€0,00;€0,00;n.a.;n.a.;n.a.;-€11,00;-€11,00;n.a.;n.a.;n.a.;-€6,00;-€6,00;n.a.;n.a.;n.a.;€0,00;€0,00;n.a.;n.a.;n.a.;-€5,00;-€5,00;n.a.;n.a.;n.a.;€0,00;€0,00;n.a.;n.a.;n.a.;€0,00;€0,00;n.a.;n.a.;n.a.;-€406,00;-€406,00;n.a.;n.a.;n.a.;-€417,00;-€417,00;n.a.;n.a.;n.a.;€8 265 921,00;€8 265 921,00;n.a.;n.a.;n.a.;€0,00;€0,00;n.a.;n.a.;n.a.;€8 265 921,00;€8 265 921,00;n.a.;n.a.;n.a.;€0,00;€0,00;n.a.;n.a.;n.a.;€8 265 504,00;€8 265 504,00;n.a.;n.a.;n.a.;-€99 091,00;-€99 091,00;n.a.;n.a.;n.a.;€8 166 413,00;€8 166 413,00;n.a.;n.a.;n.a.;n.a.;n.a.;n.a.;n.a.;n.a.;n.a.;n.a.;n.a.;n.a.;n.a.;n.a.;n.a.;n.a.;n.a.;n.a.;n.a.;n.a.;n.a.;n.a.;n.a.;n.a.;n.a.;n.a.;n.a.;n.a.;n.a.;n.a.;n.a.;n.a.;n.a.;n.a.;n.a.;n.a.;n.a.;n.a.;n.a.;n.a.;n.a.;n.a.;n.a.;n.a.;n.a.;n.a.;n.a.;n.a.;n.a.;n.a.;n.a.;n.a.;n.a.;n.a.;n.a.;n.a.;n.a.;n.a.;n.a.;n.a.;n.a.;n.a.;n.a.;n.a.;n.a.;n.a.;n.a.;n.a.;n.a.;n.a.;n.a.;n.a.;n.a.;RNZSFN78C49B563O;RANZATO STEFANIA;€1,00;;;;;;;;;;;;;RNZSFN78C49B563O;RANZATO STEFANIA;1;;;;;;;;;;;;;IT14961281004;DEAS - DIFESA E ANALISI SISTEMI S.P.A.;1;;;;;;;;;;;;;RANZATO STEFANIA;SOCIO UNICO;48;;;;;;;;;;;;;;;;;;;;;;
;;;;;;;;;;;;;;;;;;;;;;;;;;;;;;;;;;;;;;;;;;;;;;;;;;;;;;;;;;;;;;;;;;;;;;;;;;;;;;;;;;;;;;;;;;;;;;;;;;;;;;;;;;;;;;;;;;;;;;;;;;;;;;;;;;;;;;;;;;;;;;;;;;;;;;;;;;;;;;;;;;;;;;;;;;;;;;;;;;;;;;;;;;;;;;;;;;;;;;;;;;;;;;;;;;;;;;;;;;;;;;;;;;;;;;;;;;;;;;;;;;;;;;;;;;;;;;;;;;;;;;;;;;;;;;;;;;;;;;;;;;;;;;;;;;;;;;;;;;;;;;;;;;;;;;;;;;;;;;;;;;;;;;;;;;;;;;;;;;;;;;;;;;;;;;;;;;;;;;;;;;;;;;;;;;;;;;;;;;;;;;;;;;;;;;;;;;;;;;;;;;;;;;
;;;;;;;;;;;;;;;;;;;;;;;;;;;;;;;;;;;;;;;;;;;;;;;;;;;;;;;;;;;;;;;;;;;;;;;;;;;;;;;;;;;;;;;;;;;;;;;;;;;;;;;;;;;;;;;;;;;;;;;;;;;;;;;;;;;;;;;;;;;;;;;;;;;;;;;;;;;;;;;;;;;;;;;;;;;;;;;;;;;;;;;;;;;;;;;;;;;;;;;;;;;;;;;;;;;;;;;;;;;;;;;;;;;;;;;;;;;;;;;;;;;;;;;;;;;;;;;;;;;;;;;;;;;;;;;;;;;;;;;;;;;;;;;;;;;;;;;;;;;;;;;;;;;;;;;;;;;;;;;;;;;;;;;;;;;;;;;;;;;;;;;;;;;;;;;;;;;;;;;;;;;;;;;;;;;;;;;;;;;;;;;;;;;;;;;;;;;;;;;;;;;;;;
;;;;;;;;;;;;;;;;;;;;;;;;;;;;;;;;;;;;;;;;;;;;;;;;;;;;;;;;;;;;;;;;;;;;;;;;;;;;;;;;;;;;;;;;;;;;;;;;;;;;;;;;;;;;;;;;;;;;;;;;;;;;;;;;;;;;;;;;;;;;;;;;;;;;;;;;;;;;;;;;;;;;;;;;;;;;;;;;;;;;;;;;;;;;;;;;;;;;;;;;;;;;;;;;;;;;;;;;;;;;;;;;;;;;;;;;;;;;;;;;;;;;;;;;;;;;;;;;;;;;;;;;;;;;;;;;;;;;;;;;;;;;;;;;;;;;;;;;;;;;;;;;;;;;;;;;;;;;;;;;;;;;;;;;;;;;;;;;;;;;;;;;;;;;;;;;;;;;;;;;;;;;;;;;;;;;;;;;;;;;;;;;;;;;;;;;;;;;;;;;;;;;;;
2151;0,00%;€0,00;n.a.;-€24 277,00;0,00%;-€24 277,00;-€39 955,00;-1,65x;This information technology company provides digital software solutions designed to streamline risk assessment and due diligence processes. Its core platform utilizes artificial intelligence and algorithmic systems to digitize reporting, replacing traditional document-based formats with automated, traceable workflows. The company serves professional B2B sectors, offering specialized tools that enhance data security and operational efficiency by replacing manual documentation with integrated, technology-driven management systems.;DUEDEASY S.R.L.;0;0;Lecce;Lecce (LE);621;n.a.;0;40;family;05283380755;05283380755;FAUX;FAUX;FAUX;Lecce (LE), Puglia;40.3515, 18.175;0;1;€1,00;-€14 761,50;-1476150,00%;-€14 761,50;-30,07%;-20,12%;€80 722,00;€0,00;€0,00;n.a.;n.a.;-€24 277,00;-€5 246,00;n.a.;n.a.;0,00%;-262300,00%;n.a.;n.a.;-€24 277,00;-€5 246,00;n.a.;n.a.;-€39 955,00;-€28 761,00;n.a.;n.a.;-1,65x;-5,48x;n.a.;n.a.;-30,07%;-7,93%;n.a.;n.a.;-20,12%;-5,52%;n.a.;n.a.;n.a.;n.a.;n.a.;n.a.;31/12/2024;31/12/2024;31/12/2023;n.a.;n.a.;€63 300,00;€63 300,00;€53 800,00;n.a.;n.a.;€0,00;€0,00;€0,00;n.a.;n.a.;€0,00;€0,00;€0,00;n.a.;n.a.;€63 300,00;€63 300,00;€53 800,00;n.a.;n.a.;€0,00;€0,00;€0,00;n.a.;n.a.;€17 352,00;€17 352,00;€12 393,00;n.a.;n.a.;€0,00;€0,00;€0,00;n.a.;n.a.;€17 352,00;€17 352,00;€12 393,00;n.a.;n.a.;€70,00;€70,00;€0,00;n.a.;n.a.;€0,00;€0,00;€0,00;n.a.;n.a.;€70,00;€70,00;€0,00;n.a.;n.a.;€0,00;€0,00;€0,00;n.a.;n.a.;€80 722,00;€80 722,00;€66 193,00;n.a.;n.a.;€51 351,00;€51 351,00;€50 150,00;n.a.;n.a.;-€91 306,00;-€91 306,00;-€78 911,00;n.a.;n.a.;-€39 955,00;-€39 955,00;-€28 761,00;n.a.;n.a.;€120 677,00;€120 677,00;€94 954,00;n.a.;n.a.;€80 722,00;€80 722,00;€66 193,00;n.a.;n.a.;€0,00;€0,00;€0,00;n.a.;n.a.;€0,00;€0,00;€2,00;n.a.;n.a.;€0,00;€0,00;€2,00;n.a.;n.a.;€0,00;€0,00;€38,00;n.a.;n.a.;€0,00;€0,00;€40,00;n.a.;n.a.;-€23 358,00;-€23 358,00;-€4 429,00;n.a.;n.a.;-€23 358,00;-€23 358,00;-€4 429,00;n.a.;n.a.;€0,00;€0,00;€0,00;n.a.;n.a.;€0,00;€0,00;€0,00;n.a.;n.a.;-€919,00;-€919,00;-€857,00;n.a.;n.a.;€0,00;€0,00;€0,00;n.a.;n.a.;€0,00;€0,00;€0,00;n.a.;n.a.;-€24 277,00;-€24 277,00;-€5 246,00;n.a.;n.a.;€0,00;€0,00;€0,00;n.a.;n.a.;€0,00;€0,00;€0,00;n.a.;n.a.;€0,00;€0,00;€0,00;n.a.;n.a.;€0,00;€0,00;€0,00;n.a.;n.a.;-€24 277,00;-€24 277,00;-€5 246,00;n.a.;n.a.;€0,00;€0,00;€0,00;n.a.;n.a.;-€24 277,00;-€24 277,00;-€5 246,00;n.a.;n.a.;-€4 959,00;-€4 959,00;n.a.;n.a.;n.a.;€0,00;€0,00;n.a.;n.a.;n.a.;-€70,00;-€70,00;n.a.;n.a.;n.a.;-€29 306,00;-€29 306,00;n.a.;n.a.;n.a.;€0,00;€0,00;n.a.;n.a.;n.a.;€0,00;€0,00;n.a.;n.a.;n.a.;-€9 500,00;-€9 500,00;n.a.;n.a.;n.a.;-€9 500,00;-€9 500,00;n.a.;n.a.;n.a.;€1 201,00;€1 201,00;n.a.;n.a.;n.a.;€0,00;€0,00;n.a.;n.a.;n.a.;€0,00;€0,00;n.a.;n.a.;n.a.;€50 000,00;€50 000,00;n.a.;n.a.;n.a.;€51 201,00;€51 201,00;n.a.;n.a.;n.a.;€12 395,00;€12 395,00;n.a.;n.a.;n.a.;IT05017160754;DC HOLDING SOCIETA' A RESPONSABILITA' LIMITATA SEMPLIFICATA;€0,45;IT15272351006;OLIMPIA HOLDING SOCIETA' A RESPONSABILITA' LIMITATA SEMPLIFICATA;€0,44;SCRGNN82A16I234U;SCIROCCO GIOVANNI;€0,03;RGSPRZ72M07H501S;RAGUSA PATRIZIO;0,03;MCCMHL89L13G535K;MICCOLI MICHEL;0,018;;;;;;;;;;;;;;;;;;;;;;;;;;;;;;;CAIAZZO DAVIDE;AMMINISTRATORE UNICO;40;;;;;;;;;;;;;;;;;;;;;;
;;;;;;;;;;;;;;;;;;;;;;;;;;;;;;;;;;;;;;;;;;;;;;;;;;;;;;;;;;;;;;;;;;;;;;;;;;;;;;;;;;;;;;;;;;;;;;;;;;;;;;;;;;;;;;;;;;;;;;;;;;;;;;;;;;;;;;;;;;;;;;;;;;;;;;;;;;;;;;;;;;;;;;;;;;;;;;;;;;;;;;;;;;;;;;;;;;;;;;;;;;;;;;;;;;;;;;;;;;;;;;;;;;;;;;;;;;;;;;;;;;;;;;;;;;;;;;;;;;;;;;;;;;;;;;;;;;;;;;;;;;;;;;;;;;;;;;;;;;;;;;;;;;;;;;;;;;;;;;;;;;;;;;;;;;;;;;;;;;;;;;;;;;;;;;;;;;;;;;;;;;;;;;;;;;;;;;;;;;;;;;;;;;;;;;;;;;;;;;;;;;;;;;
2153;0,00%;€0,00;n.a.;-€7 709,00;0,00%;-€7 843,00;€26 081,00;-3,38x;This company specializes in the engineering and development of automated vehicle guidance and logistics technology. Its core offerings include remotely piloted aircraft systems, microelectronic command and control hardware, and integrated software solutions. These products support mission planning, tracking, and telemetry for automated transport and flight operations across various industrial sectors. The firm focuses on delivering high-tech systems designed to facilitate complex, remote-controlled navigation and operational management.;OLIMPUS SOCIETA' A RESPONSABILITA' LIMITATA SEMPLIFICATA;0;0;Rimini;Santarcangelo Di Romagna (RN);721029;n.a.;0;65;family;04626070405;04626070405;FAUX;FAUX;FAUX;Santarcangelo Di Romagna (RN), Emilia-Romagna;44.0649, 12.4498;0;1;€0,00;-€5 826,33;n.a.;-€5 894,33;-40,77%;114,61%;€19 238,00;€0,00;€0,00;€0,00;n.a.;-€7 709,00;-€5 643,00;-€4 127,00;n.a.;0,00%;0,00%;0,00%;n.a.;-€7 843,00;-€5 710,00;-€4 130,00;n.a.;€26 081,00;€13 231,00;€6 219,00;n.a.;-3,38x;-2,34x;-1,51x;n.a.;-40,77%;-67,00%;-133,60%;n.a.;114,61%;121,26%;131,95%;n.a.;n.a.;n.a.;n.a.;n.a.;31/12/2024;31/12/2024;31/12/2023;31/12/2022;n.a.;€17 908,00;€17 908,00;€7 412,00;€3 012,00;n.a.;€470,00;€470,00;€605,00;€0,00;n.a.;€0,00;€0,00;€0,00;€0,00;n.a.;€18 378,00;€18 378,00;€8 017,00;€3 012,00;n.a.;€0,00;€0,00;€0,00;€0,00;n.a.;€860,00;€860,00;€505,00;€77,00;n.a.;€0,00;€0,00;€0,00;€0,00;n.a.;€860,00;€860,00;€505,00;€77,00;n.a.;€0,00;€0,00;€0,00;€0,00;n.a.;€0,00;€0,00;€0,00;€0,00;n.a.;€0,00;€0,00;€0,00;€0,00;n.a.;€0,00;€0,00;€0,00;€0,00;n.a.;€19 238,00;€19 238,00;€8 522,00;€3 089,00;n.a.;€26 522,00;€26 522,00;€13 529,00;€6 258,00;n.a.;-€441,00;-€441,00;-€298,00;-€39,00;n.a.;€26 081,00;€26 081,00;€13 231,00;€6 219,00;n.a.;-€6 843,00;-€6 843,00;-€4 709,00;-€3 130,00;n.a.;€19 238,00;€19 238,00;€8 522,00;€3 089,00;n.a.;€0,00;€0,00;€0,00;€0,00;n.a.;€0,00;€0,00;€0,00;€0,00;n.a.;€0,00;€0,00;€0,00;€0,00;n.a.;-€61,00;-€61,00;€0,00;€0,00;n.a.;-€61,00;-€61,00;€0,00;€0,00;n.a.;-€7 089,00;-€7 089,00;-€4 593,00;-€4 127,00;n.a.;-€7 089,00;-€7 089,00;-€4 593,00;-€4 127,00;n.a.;€0,00;€0,00;€0,00;€0,00;n.a.;€0,00;€0,00;€0,00;€0,00;n.a.;-€559,00;-€559,00;-€1 050,00;€0,00;n.a.;€0,00;€0,00;€0,00;€0,00;n.a.;-€134,00;-€134,00;-€67,00;€0,00;n.a.;-€7 843,00;-€7 843,00;-€5 710,00;-€4 127,00;n.a.;€0,00;€0,00;€0,00;€0,00;n.a.;€0,00;€0,00;€0,00;-€3,00;n.a.;€0,00;€0,00;€0,00;-€3,00;n.a.;€0,00;€0,00;€0,00;€0,00;n.a.;-€7 843,00;-€7 843,00;-€5 710,00;-€4 130,00;n.a.;€0,00;€0,00;€0,00;€0,00;n.a.;-€7 843,00;-€7 843,00;-€5 710,00;-€4 130,00;n.a.;-€355,00;-€355,00;-€428,00;n.a.;n.a.;€0,00;€0,00;€0,00;n.a.;n.a.;€0,00;€0,00;€0,00;n.a.;n.a.;-€8 064,00;-€8 064,00;-€6 071,00;n.a.;n.a.;€1,00;€1,00;-€672,00;n.a.;n.a.;€0,00;€0,00;€0,00;n.a.;n.a.;-€10 496,00;-€10 496,00;-€4 400,00;n.a.;n.a.;-€10 495,00;-€10 495,00;-€5 072,00;n.a.;n.a.;€12 993,00;€12 993,00;€7 271,00;n.a.;n.a.;€0,00;€0,00;€0,00;n.a.;n.a.;€0,00;€0,00;€0,00;n.a.;n.a.;€5 709,00;€5 709,00;€4 131,00;n.a.;n.a.;€18 702,00;€18 702,00;€11 402,00;n.a.;n.a.;€143,00;€143,00;€259,00;n.a.;n.a.;RCCFNC60H22H294H;RICCI FRANCESCO;€0,76;GDUPRZ61L71I304D;GUIDI PATRIZIA;€0,08;STRLRT52D14H501Z;STORCH ALBERTO;€0,06;BRTRRT76R12H294M;BARTOLINI ROBERTO;0,04;RCCFNC91S44C573O;RICCI FRANCESCA;0,03;RCCFNC60H22H294H;RICCI FRANCESCO;0,76;;;;;;;;;;;;;;;;;;;;;;;;;;;;RICCI FRANCESCO;AMMINISTRATORE UNICO;65;;;;;;;;;;;;;;;;;;;;;;
;;;;;;;;;;;;;;;;;;;;;;;;;;;;;;;;;;;;;;;;;;;;;;;;;;;;;;;;;;;;;;;;;;;;;;;;;;;;;;;;;;;;;;;;;;;;;;;;;;;;;;;;;;;;;;;;;;;;;;;;;;;;;;;;;;;;;;;;;;;;;;;;;;;;;;;;;;;;;;;;;;;;;;;;;;;;;;;;;;;;;;;;;;;;;;;;;;;;;;;;;;;;;;;;;;;;;;;;;;;;;;;;;;;;;;;;;;;;;;;;;;;;;;;;;;;;;;;;;;;;;;;;;;;;;;;;;;;;;;;;;;;;;;;;;;;;;;;;;;;;;;;;;;;;;;;;;;;;;;;;;;;;;;;;;;;;;;;;;;;;;;;;;;;;;;;;;;;;;;;;;;;;;;;;;;;;;;;;;;;;;;;;;;;;;;;;;;;;;;;;;;;;;;
;;;;;;;;;;;;;;;;;;;;;;;;;;;;;;;;;;;;;;;;;;;;;;;;;;;;;;;;;;;;;;;;;;;;;;;;;;;;;;;;;;;;;;;;;;;;;;;;;;;;;;;;;;;;;;;;;;;;;;;;;;;;;;;;;;;;;;;;;;;;;;;;;;;;;;;;;;;;;;;;;;;;;;;;;;;;;;;;;;;;;;;;;;;;;;;;;;;;;;;;;;;;;;;;;;;;;;;;;;;;;;;;;;;;;;;;;;;;;;;;;;;;;;;;;;;;;;;;;;;;;;;;;;;;;;;;;;;;;;;;;;;;;;;;;;;;;;;;;;;;;;;;;;;;;;;;;;;;;;;;;;;;;;;;;;;;;;;;;;;;;;;;;;;;;;;;;;;;;;;;;;;;;;;;;;;;;;;;;;;;;;;;;;;;;;;;;;;;;;;;;;;;;;
;;;;;;;;;;;;;;;;;;;;;;;;;;;;;;;;;;;;;;;;;;;;;;;;;;;;;;;;;;;;;;;;;;;;;;;;;;;;;;;;;;;;;;;;;;;;;;;;;;;;;;;;;;;;;;;;;;;;;;;;;;;;;;;;;;;;;;;;;;;;;;;;;;;;;;;;;;;;;;;;;;;;;;;;;;;;;;;;;;;;;;;;;;;;;;;;;;;;;;;;;;;;;;;;;;;;;;;;;;;;;;;;;;;;;;;;;;;;;;;;;;;;;;;;;;;;;;;;;;;;;;;;;;;;;;;;;;;;;;;;;;;;;;;;;;;;;;;;;;;;;;;;;;;;;;;;;;;;;;;;;;;;;;;;;;;;;;;;;;;;;;;;;;;;;;;;;;;;;;;;;;;;;;;;;;;;;;;;;;;;;;;;;;;;;;;;;;;;;;;;;;;;;;
;;;;;;;;;;;;;;;;;;;;;;;;;;;;;;;;;;;;;;;;;;;;;;;;;;;;;;;;;;;;;;;;;;;;;;;;;;;;;;;;;;;;;;;;;;;;;;;;;;;;;;;;;;;;;;;;;;;;;;;;;;;;;;;;;;;;;;;;;;;;;;;;;;;;;;;;;;;;;;;;;;;;;;;;;;;;;;;;;;;;;;;;;;;;;;;;;;;;;;;;;;;;;;;;;;;;;;;;;;;;;;;;;;;;;;;;;;;;;;;;;;;;;;;;;;;;;;;;;;;;;;;;;;;;;;;;;;;;;;;;;;;;;;;;;;;;;;;;;;;;;;;;;;;;;;;;;;;;;;;;;;;;;;;;;;;;;;;;;;;;;;;;;;;;;;;;;;;;;;;;;;;;;;;;;;;;;;;;;;;;;;;;;;;;;;;;;;;;;;;;;;;;;;
;;;;;;;;;;;;;;;;;;;;;;;;;;;;;;;;;;;;;;;;;;;;;;;;;;;;;;;;;;;;;;;;;;;;;;;;;;;;;;;;;;;;;;;;;;;;;;;;;;;;;;;;;;;;;;;;;;;;;;;;;;;;;;;;;;;;;;;;;;;;;;;;;;;;;;;;;;;;;;;;;;;;;;;;;;;;;;;;;;;;;;;;;;;;;;;;;;;;;;;;;;;;;;;;;;;;;;;;;;;;;;;;;;;;;;;;;;;;;;;;;;;;;;;;;;;;;;;;;;;;;;;;;;;;;;;;;;;;;;;;;;;;;;;;;;;;;;;;;;;;;;;;;;;;;;;;;;;;;;;;;;;;;;;;;;;;;;;;;;;;;;;;;;;;;;;;;;;;;;;;;;;;;;;;;;;;;;;;;;;;;;;;;;;;;;;;;;;;;;;;;;;;;;
;;;;;;;;;;;;;;;;;;;;;;;;;;;;;;;;;;;;;;;;;;;;;;;;;;;;;;;;;;;;;;;;;;;;;;;;;;;;;;;;;;;;;;;;;;;;;;;;;;;;;;;;;;;;;;;;;;;;;;;;;;;;;;;;;;;;;;;;;;;;;;;;;;;;;;;;;;;;;;;;;;;;;;;;;;;;;;;;;;;;;;;;;;;;;;;;;;;;;;;;;;;;;;;;;;;;;;;;;;;;;;;;;;;;;;;;;;;;;;;;;;;;;;;;;;;;;;;;;;;;;;;;;;;;;;;;;;;;;;;;;;;;;;;;;;;;;;;;;;;;;;;;;;;;;;;;;;;;;;;;;;;;;;;;;;;;;;;;;;;;;;;;;;;;;;;;;;;;;;;;;;;;;;;;;;;;;;;;;;;;;;;;;;;;;;;;;;;;;;;;;;;;;;