company_name,status,country_code,founding_year,company_type,domain,acquirer,ma_date,is_ma_target,revenue_eur_M,revenue_growth_pct,ebitda_margin_pct,revenue_bucket,revenue_per_employee_keur,total_funding_eur_M,funding_rounds,funding_per_year,is_well_funded,employee_count,company_age_years,company_type_ordinal,is_publicly_listed,has_patents,has_govt_contracts,is_dual_use,domain_space,domain_aerospace,domain_defense,is_italy,is_france,is_uk,is_germany
Zodiac Aerospace,Acquired,FR,2007,Large Corporate,Aerospace,Safran,2018-02,1,5100.0,5.0,8.0,7,154.54545454545453,0.0,0,0.0,0,33000,17,4,1,1,1,0,0,1,0,0,1,0,0
Snecma,Merged,FR,2000,Large Corporate,Aerospace,Safran Aircraft Engines,2016-01,1,4000.0,5.0,12.0,7,285.7142857142857,0.0,0,0.0,0,14000,24,4,0,1,1,0,0,1,0,0,1,0,0
SELEX ES (now Leonardo),Merged,IT,2000,Large Corporate,Defense+Space,Leonardo,2016-01,1,3500.0,5.0,8.0,7,205.8823529411765,0.0,0,0.0,0,17000,24,4,0,1,1,1,1,0,1,1,0,0,0
Gemalto,Acquired,FR,2006,Large Corporate,Defense+Space,Thales,2019-04,1,3200.0,5.0,15.0,7,213.33333333333331,0.0,0,0.0,0,15000,18,4,1,1,1,1,1,0,1,0,1,0,0
Cobham plc,Acquired,UK,1934,Large Corporate,Aerospace+Defense,Advent International,2020-01,1,2700.0,5.0,12.0,7,245.45454545454547,0.0,0,0.0,0,11000,90,4,1,1,1,1,0,1,1,0,0,1,0
AKKA Technologies,Acquired,FR,2000,Large Corporate,Aerospace+Defense,Adecco Group,2022-09,1,1900.0,8.0,7.0,6,90.47619047619048,0.0,0,0.0,0,21000,24,4,1,1,1,1,0,1,1,0,1,0,0
Akka Technologies (France),Acquired,FR,2000,Large Corporate,Aerospace+Defense,Adecco/Modis,2022-09,1,1900.0,8.0,7.0,6,90.47619047619048,0.0,0,0.0,0,21000,24,4,1,1,1,1,0,1,1,0,1,0,0
CASA/EADS CASA remnants,Merged,ES,2000,Large Corporate,Aerospace,Airbus Military,2009-01,1,1500.0,5.0,5.0,6,214.28571428571428,0.0,0,0.0,0,7000,24,4,0,1,1,1,0,1,0,0,0,0,0
Meggitt,Acquired,UK,1947,Large Corporate,Aerospace+Defense,Parker Hannifin,2022-09,1,1489.0,5.0,10.0,6,165.44444444444446,0.0,0,0.0,0,9000,77,4,1,1,1,1,0,1,1,0,0,1,0
Inmarsat,Acquired,UK,1979,Large Corporate,Space,Viasat,2023-05,1,1400.0,3.0,35.0,6,700.0,0.0,0,0.0,0,2000,45,4,1,1,1,0,1,0,0,0,0,1,0
Messier-Bugatti-Dowty,Merged,FR,2011,Large Corporate,Aerospace,Safran Landing Systems,2016-01,1,1400.0,5.0,10.0,6,233.33333333333331,0.0,0,0.0,0,6000,13,4,0,1,1,0,0,1,0,0,1,0,0
Turbomeca,Merged,FR,2000,Large Corporate,Aerospace+Defense,Safran Helicopter Engines,2016-01,1,1200.0,5.0,10.0,6,218.1818181818182,0.0,0,0.0,0,5500,24,4,0,1,1,1,0,1,1,0,1,0,0
SELEX Galileo Italy,Merged,IT,2007,Large Corporate,Defense+Space,Leonardo SELEX ES,2013-01,1,1200.0,5.0,8.0,6,200.0,0.0,0,0.0,0,6000,17,4,0,1,1,1,1,0,1,1,0,0,0
Morpho (Safran identity div.),Acquired,FR,2000,Large Corporate,Defense,Advent/IDEMIA,2017-09,1,1200.0,5.0,10.0,6,150.0,0.0,0,0.0,0,8000,24,4,1,1,1,1,0,0,1,0,1,0,0
Sagem Défense Sécurité,Merged,FR,2005,Large Corporate,Aerospace+Defense,Safran Electronics & Defense,2017-01,1,1100.0,5.0,10.0,6,220.0,0.0,0,0.0,0,5000,19,4,0,1,1,1,0,1,1,0,1,0,0
Ultra Electronics,Acquired,UK,1920,Large Corporate,Defense,Cobham / Advent Int.,2022-08,1,850.0,5.0,12.0,6,188.88888888888889,0.0,0,0.0,0,4500,104,4,1,1,1,1,0,0,1,0,0,1,0
Ultra Electronics (pre-acq),Acquired,UK,1920,Large Corporate,Defense,Cobham,2022-08,1,850.0,5.0,12.0,6,188.88888888888889,0.0,0,0.0,0,4500,104,4,1,1,1,1,0,0,1,0,0,1,0
Zodiac Seats France,Acquired,FR,2010,Large Corporate,Aerospace,Safran,2018-02,1,800.0,5.0,5.0,6,160.0,0.0,0,0.0,0,5000,14,4,0,1,0,0,0,1,0,0,1,0,0
Selex ES UK (Leonardo),Merged,UK,2000,Large Corporate,Defense,Leonardo,2016-01,1,800.0,5.0,8.0,6,200.0,0.0,0,0.0,0,4000,24,4,0,1,1,1,0,0,1,0,0,1,0
Agusta,Merged,IT,1948,Large Corporate,Aerospace+Defense,AgustaWestland,2000-06,1,700.0,,,6,140.0,0.0,0,0.0,0,5000,76,4,0,1,1,1,0,1,1,1,0,0,0
SAFT Groupe (Aerospace div.),Acquired,FR,2008,Large Corporate,Aerospace+Defense,Total SE,2017-04,1,700.0,5.0,10.0,6,166.66666666666666,0.0,0,0.0,0,4200,16,4,1,1,1,1,0,1,1,0,1,0,0
Aeritalia,Merged,IT,1969,Large Corporate,Aerospace+Space,Alenia Aeronautica,1990-01,1,600.0,,,6,150.0,0.0,0,0.0,0,4000,55,4,0,1,1,1,1,1,0,1,0,0,0
Stelia Aerospace,Merged,FR,2015,Large Corporate,Aerospace,Airbus / Aerolia,2021-01,1,600.0,5.0,7.0,6,85.71428571428571,0.0,0,0.0,0,7000,9,4,0,1,1,0,0,1,0,0,1,0,0
Aircelle,Merged,FR,2000,Large Corporate,Aerospace,Safran Nacelles,2016-01,1,600.0,5.0,8.0,6,200.0,0.0,0,0.0,0,3000,24,4,0,1,1,0,0,1,0,0,1,0,0
Labinal Power Systems,Merged,FR,2009,Large Corporate,Aerospace+Defense,Safran Electrical & Power,2016-01,1,600.0,5.0,8.0,6,200.0,0.0,0,0.0,0,3000,15,4,0,1,1,1,0,1,1,0,1,0,0
Thales Communications (UK),Merged,UK,2003,Large Corporate,Defense,Thales UK,2015-01,1,600.0,5.0,8.0,6,200.0,0.0,0,0.0,0,3000,21,4,0,1,1,1,0,0,1,0,0,1,0
Fokker Technologies,Acquired,NL,2011,Large Corporate,Aerospace,GKN Aerospace,2015-09,1,600.0,5.0,5.0,6,171.42857142857142,0.0,0,0.0,0,3500,13,4,0,1,1,0,0,1,0,0,0,0,0
Iveco Defence Vehicles,Acquired,IT,1944,Large Corporate,Defense,KNDS/KMW,2021-07,1,500.0,5.0,8.0,6,333.3333333333333,0.0,0,0.0,0,1500,80,4,0,1,1,1,0,0,1,1,0,0,0
Aerolia,Merged,FR,2009,Large Corporate,Aerospace,Airbus Stelia,2021-01,1,500.0,5.0,5.0,6,125.0,0.0,0,0.0,0,4000,15,4,0,1,1,0,0,1,0,0,1,0,0
Aermacchi,Merged,IT,1912,Large Corporate,Aerospace+Defense,Alenia/Leonardo,2003-01,1,450.0,,,5,225.0,0.0,0,0.0,0,2000,112,4,0,1,1,1,0,1,1,1,0,0,0
ESG Elektroniksystem,Acquired,DE,1970,Large Corporate,Defense,Hensoldt,2024-04,1,330.0,5.0,10.0,5,235.7142857142857,0.0,0,0.0,0,1400,54,4,0,1,1,1,0,0,1,0,0,0,1
Atlas Elektronik,Acquired,DE,2003,Large Corporate,Defense,TKMS / ThyssenKrupp,2019-01,1,300.0,5.0,8.0,5,200.0,0.0,0,0.0,0,1500,21,4,0,1,1,1,0,0,1,0,0,0,1
Esterline Technologies EU,Acquired,BE,2004,Large Corporate,Aerospace+Defense,TransDigm Group,2019-03,1,300.0,5.0,10.0,5,150.0,0.0,0,0.0,0,2000,20,4,1,1,1,1,0,1,1,0,0,0,0
Stork Aerospace,Acquired,NL,2003,Large Corporate,Aerospace,Fokker Technologies,2012-01,1,300.0,5.0,5.0,5,150.0,0.0,0,0.0,0,2000,21,4,0,1,1,0,0,1,0,0,0,0,0
Vitrociset,Merged,IT,1969,Large Corporate,Defense+Space,Leonardo,2020-01,1,250.0,3.0,7.0,5,166.66666666666666,0.0,0,0.0,0,1500,55,4,0,1,1,1,1,0,1,1,0,0,0
CS Group,Acquired,FR,1984,Large Corporate,Defense+Space,Sopra Steria,2022-01,1,220.0,10.0,9.0,5,88.0,0.0,0,0.0,0,2500,40,4,0,1,1,1,1,0,1,0,1,0,0
Expal Systems,Acquired,ES,2001,PMI,Defense,Rheinmetall,2023-05,1,200.0,10.0,10.0,5,133.33333333333334,0.0,0,0.0,0,1500,23,3,0,1,1,1,0,0,1,0,0,0,0
DRS Technologies Europe,Acquired,UK,2002,PMI,Defense,Leonardo DRS,2014-01,1,200.0,5.0,8.0,5,250.0,0.0,0,0.0,0,800,22,3,0,1,1,1,0,0,1,0,0,1,0
Roxel France,Acquired,FR,2000,PMI,Defense,Nammo,2015-09,1,200.0,5.0,8.0,5,250.0,0.0,0,0.0,0,800,24,3,0,1,1,1,0,0,1,0,1,0,0
Cobham Advanced Electronic Systems (UK),Acquired,UK,2006,PMI,Defense,Cobham/Advent,2020-01,1,200.0,5.0,10.0,5,250.0,0.0,0,0.0,0,800,18,3,0,1,1,1,0,0,1,0,0,1,0
Hispano Suiza France,Merged,FR,2003,PMI,Aerospace,Safran Transmission Systems,2016-01,1,200.0,5.0,8.0,5,250.0,0.0,0,0.0,0,800,21,3,0,1,1,0,0,1,0,0,1,0,0
Piaggio Aerospace,Acquired,IT,1964,Large Corporate,Aerospace+Defense,Deutche Aircraft,2022-10,1,180.0,-5.0,-5.0,5,163.63636363636363,0.0,0,0.0,0,1100,60,4,0,1,1,1,0,1,1,1,0,0,0
WASS,Acquired,IT,2013,Large Corporate,Defense,Leonardo,2013-11,1,80.0,5.0,10.0,4,133.33333333333334,0.0,0,0.0,0,600,11,4,0,1,1,1,0,0,1,1,0,0,0
Roke Manor Research,Acquired,UK,1999,PMI,Defense,Chemring Group,2015-01,1,80.0,8.0,10.0,4,160.0,0.0,0,0.0,0,500,25,3,0,1,1,1,0,0,1,0,0,1,0
Dutch Space (now Airbus DS NL),Merged,NL,2002,PMI,Space,Airbus DS,2014-01,1,80.0,5.0,8.0,4,200.0,0.0,0,0.0,0,400,22,3,0,1,1,0,1,0,0,0,0,0,0
Microturbo,Acquired,FR,2003,PMI,Aerospace+Defense,Safran,2012-01,1,80.0,5.0,8.0,4,200.0,0.0,0,0.0,0,400,21,3,0,1,1,1,0,1,1,0,1,0,0
Elbit Systems UK (Ferranti),Acquired,UK,2005,PMI,Defense,Elbit Systems,2013-01,1,80.0,8.0,10.0,4,200.0,0.0,0,0.0,0,400,19,3,0,1,1,1,0,0,1,0,0,1,0
Selex Systems Integration,Merged,IT,2007,PMI,Defense,Leonardo SELEX ES,2013-01,1,80.0,5.0,8.0,4,200.0,0.0,0,0.0,0,400,17,3,0,1,1,1,0,0,1,1,0,0,0
Cassidian CyberSecurity (Airbus),Merged,DE,2012,PMI,Defense+Space,Airbus CyberSecurity,2017-01,1,50.0,15.0,5.0,4,100.0,0.0,0,0.0,0,500,12,3,0,1,1,1,1,0,1,0,0,0,1
DRS Power & Control Technologies,Acquired,UK,2008,PMI,Defense,Leonardo DRS,2014-01,1,50.0,5.0,8.0,4,200.0,0.0,0,0.0,0,250,16,3,0,1,1,1,0,0,1,0,0,1,0
DigitalNet (DE defense IT),Acquired,DE,2006,PMI,Defense,Airbus CyberSecurity,2018-01,1,50.0,8.0,8.0,4,166.66666666666666,0.0,0,0.0,0,300,18,3,0,1,1,1,0,0,1,0,0,0,1
Civitanavi Systems,Acquired,IT,2012,Scale-up,Aerospace+Defense,Honeywell,2024-03,1,46.0,34.0,28.0,4,209.0909090909091,35.0,3,2.9166666666666665,1,220,12,2,1,1,1,1,0,1,1,1,0,0,0
Larimart,Acquired,IT,1981,PMI,Aerospace+Defense,Leonardo,2021-11,1,35.0,5.0,8.0,4,175.0,0.0,0,0.0,0,200,43,3,0,1,1,1,0,1,1,1,0,0,0
COM DEV Europe,Acquired,UK,1974,PMI,Space,Honeywell,2016-01,1,35.0,8.0,10.0,4,175.0,0.0,0,0.0,0,200,50,3,0,1,1,0,1,0,0,0,0,1,0
GEM Elettronica,Acquired,IT,1977,PMI,Defense,Rheinmetall,2021-10,1,30.0,5.0,8.0,4,200.0,0.0,0,0.0,0,150,47,3,0,1,1,1,0,0,1,1,0,0,0
Vega Space (UK),Acquired,UK,2007,PMI,Space,ESAC consortium,2015-01,1,30.0,8.0,8.0,4,200.0,0.0,0,0.0,0,150,17,3,0,1,1,0,1,0,0,0,0,1,0
Elster GmbH Aerospace,Acquired,DE,2001,PMI,Aerospace,Honeywell,2016-01,1,30.0,5.0,8.0,4,150.0,0.0,0,0.0,0,200,23,3,0,1,0,0,0,1,0,0,0,0,1
CRFS,Acquired,UK,2010,PMI,Defense,Silvus Technologies,2020-11,1,28.0,20.0,12.0,4,186.66666666666663,8.0,2,0.5714285714285714,0,150,14,3,0,1,1,1,0,0,1,0,0,1,0
Officina Stellare,Merged,IT,2009,PMI,Defense+Space,Bertin Technologies,2023-06,1,25.0,15.0,12.0,4,208.33333333333331,5.0,1,0.3333333333333333,0,120,15,3,0,1,1,1,1,0,1,1,0,0,0
3D Plus,Acquired,FR,1996,PMI,Space,Teledyne,2017-01,1,25.0,10.0,12.0,4,208.33333333333331,0.0,0,0.0,0,120,28,3,0,1,1,1,1,0,0,0,1,0,0
Preligens,Acquired,FR,2016,Scale-up,Defense+Space,Safran,2024-06,1,20.0,50.0,-15.0,4,166.66666666666666,30.0,3,3.75,1,120,8,2,0,1,1,1,1,0,1,0,1,0,0
SCISYS Deutschland,Acquired,DE,1987,PMI,Space,MDA Corporation,2019-12,1,20.0,8.0,8.0,4,111.11111111111111,0.0,0,0.0,0,180,37,3,0,1,1,0,1,0,0,0,0,0,1
Inzpire,Acquired,UK,2008,PMI,Defense,QinetiQ,2018-01,1,15.0,12.0,8.0,3,125.0,0.0,0,0.0,0,120,16,3,0,1,1,1,0,0,1,0,0,1,0
EuroAvionics,Acquired,DE,2007,PMI,Aerospace+Defense,Hensoldt,2019-01,1,15.0,8.0,8.0,3,187.5,0.0,0,0.0,0,80,17,3,0,1,1,1,0,1,1,0,0,0,1
Nordic Unmanned UK,Acquired,UK,2014,PMI,Defense,Quantum Systems,2025-04,1,15.0,40.0,-20.0,3,150.0,20.0,3,2.0,1,100,10,3,0,0,1,1,0,0,1,0,0,1,0
Planetek Group,Acquired,IT,1994,PMI,Space,D-Orbit,2024-09,1,12.0,8.0,10.0,3,133.33333333333334,0.0,0,0.0,0,90,30,3,0,1,1,0,1,0,0,1,0,0,0
Deimos Imaging,Acquired,ES,2008,PMI,Space,UrtheCast,2015-04,1,12.0,15.0,8.0,3,150.0,5.0,2,0.3125,0,80,16,3,0,1,1,0,1,0,0,0,0,0,0
Kelvin Hughes,Acquired,UK,2014,PMI,Defense,Hensoldt,2018-01,1,12.0,5.0,8.0,3,150.0,0.0,0,0.0,0,80,10,3,0,1,1,1,0,0,1,0,0,1,0
EuroLaunch,Merged,FR,2000,PMI,Space,ArianeGroup,2017-01,1,10.0,,,3,166.66666666666666,0.0,0,0.0,0,60,24,3,0,1,1,0,1,0,0,0,1,0,0
NanoAvionics,Acquired,LT,2014,PMI,Space,ST Engineering,2022-07,1,10.0,25.0,5.0,3,125.0,15.0,3,1.5,1,80,10,3,0,1,1,0,1,0,0,0,0,0,0
Callen-Lenz Associates,Acquired,UK,2010,PMI,Aerospace+Defense,QinetiQ,2016-01,1,10.0,10.0,8.0,3,166.66666666666666,0.0,0,0.0,0,60,14,3,0,1,1,1,0,1,1,0,0,1,0
Nexeya Germany,Acquired,DE,2011,PMI,Defense,Hensoldt,2019-01,1,10.0,8.0,8.0,3,166.66666666666666,0.0,0,0.0,0,60,13,3,0,1,1,1,0,0,1,0,0,0,1
CGS - Compagnia Generale per lo Spazio,Acquired,IT,1980,PMI,Space,OHB SE,2019-03,1,8.0,5.0,8.0,3,133.33333333333334,0.0,0,0.0,0,60,44,3,0,1,1,0,1,0,0,1,0,0,0
Kayser Space,Acquired,IT,1986,PMI,Space,OHB SE,2019-03,1,8.0,5.0,8.0,3,133.33333333333334,0.0,0,0.0,0,60,38,3,0,1,1,0,1,0,0,1,0,0,0
Syrlinks,Acquired,FR,2003,PMI,Space,Thales,2021-07,1,8.0,10.0,10.0,3,100.0,0.0,0,0.0,0,80,21,3,0,1,1,0,1,0,0,0,1,0,0
Clyde Space,Acquired,UK,2005,PMI,Space,AAC Microtec,2017-12,1,8.0,25.0,-10.0,3,133.33333333333334,3.0,2,0.1578947368421052,0,60,19,3,0,1,1,0,1,0,0,0,0,1,0
ISIS - Innovative Solutions In Space,Acquired,NL,2006,PMI,Space,EnduroSat,2023-06,1,8.0,12.0,10.0,3,133.33333333333334,2.0,1,0.1111111111111111,0,60,18,3,0,1,1,0,1,0,0,0,0,0,0
Syntony GNSS,Acquired,FR,2013,Startup,Defense+Space,Safran,2026-02,1,5.0,30.0,-10.0,3,166.66666666666666,5.0,2,0.4545454545454545,0,30,11,1,0,1,1,1,1,0,1,0,1,0,0
ArianeWorks,Merged,FR,2019,Startup,Space,ArianeGroup,2021-01,1,5.0,,,3,166.66666666666666,0.0,0,0.0,0,30,5,1,0,1,1,0,1,0,0,0,1,0,0
Sentinel Hub,Acquired,SI,2014,Startup,Space,Planet Labs,2021-05,1,5.0,40.0,-10.0,3,125.0,10.0,3,1.0,0,40,10,1,0,0,1,0,1,0,0,0,0,0,0
Daedalean,Acquired,CH,2016,Startup,Aerospace,Destinus,2025-07,1,5.0,30.0,-30.0,3,125.0,15.0,2,1.875,1,40,8,1,0,1,0,0,0,1,0,0,0,0,0
ÅAC Microtec (pre-merger),Acquired,SE,2007,PMI,Space,AAC Clyde Space,2017-12,1,5.0,20.0,-10.0,3,125.0,3.0,2,0.1764705882352941,0,40,17,3,1,1,1,0,1,0,0,0,0,0,0
Prox Dynamics,Acquired,NO,2007,PMI,Defense,FLIR Systems,2016-03,1,5.0,40.0,-20.0,3,142.85714285714286,3.0,2,0.1764705882352941,0,35,17,3,0,1,1,1,0,0,1,0,0,0,0
Morpheus Space,Acquired,DE,2018,Startup,Space,EnduroSat,2024-03,1,3.0,60.0,-50.0,2,75.0,20.0,3,3.333333333333333,1,40,6,1,0,1,0,0,1,0,0,0,0,0,1
Kleos Space,Acquired,LU,2017,Scale-up,Space+Defense,Hawkeye 360,2023-10,1,3.0,50.0,-80.0,2,60.0,50.0,4,7.142857142857143,1,50,7,2,1,1,1,1,1,0,1,0,0,0,0
Blue Ocean Robotics Defence,Acquired,DK,2019,Startup,Defense,Helsing,2025-10,1,3.0,50.0,-50.0,2,120.0,8.0,2,1.6,0,25,5,1,0,1,1,1,0,0,1,0,0,0,0
Space DyS / SpaceDyS,Acquired,IT,2013,PMI,Space,Thales Alenia Space,2022-04,1,2.5,20.0,10.0,2,100.0,2.0,1,0.1818181818181818,0,25,11,3,0,1,1,0,1,0,0,1,0,0,0
SpaceSense,Acquired,FR,2020,Startup,Space,Airbus,2023-03,1,2.0,50.0,-20.0,2,66.66666666666667,5.0,2,1.25,0,30,4,1,0,0,1,0,1,0,0,0,1,0,0
Airbus Group,Active,NL,2000,Large Corporate,Aerospace+Defense+Space,,,0,70000.0,8.0,8.0,7,522.3880597014926,0.0,0,0.0,0,134000,24,4,1,1,1,1,1,1,1,0,0,0,0
Safran,Active,FR,2005,Large Corporate,Aerospace+Defense,,,0,27310.0,8.0,12.0,7,248.27272727272728,0.0,0,0.0,0,110000,19,4,1,1,1,1,0,1,1,0,1,0,0
BAE Systems,Active,UK,1999,Large Corporate,Aerospace+Defense,,,0,25000.0,12.0,10.0,7,250.0,0.0,0,0.0,0,100000,25,4,1,1,1,1,0,1,1,0,0,1,0
Thales Group,Active,FR,2000,Large Corporate,Aerospace+Defense+Space,,,0,20570.0,8.0,8.0,7,247.83132530120483,0.0,0,0.0,0,83000,24,4,1,1,1,1,1,1,1,0,1,0,0
Rolls-Royce,Active,UK,2000,Large Corporate,Aerospace+Defense,,,0,18900.0,18.0,10.0,7,450.0,0.0,0,0.0,0,42000,24,4,1,1,1,1,0,1,1,0,0,1,0
Leonardo SpA,Active,IT,1948,Large Corporate,Aerospace+Defense+Space,,,0,17763.0,10.0,7.0,7,293.60330578512395,0.0,0,0.0,0,60500,76,4,1,1,1,1,1,1,1,1,0,0,0
Airbus Defence & Space France,Active,FR,2000,Large Corporate,Aerospace+Space,,,0,11000.0,5.0,8.0,7,314.2857142857143,0.0,0,0.0,0,35000,24,4,1,1,1,1,1,1,0,0,1,0,0
Rheinmetall,Active,DE,1889,Large Corporate,Defense,,,0,9751.0,35.0,15.0,7,243.775,0.0,0,0.0,0,40000,135,4,1,1,1,1,0,0,1,0,0,0,1
Fincantieri,Active,IT,2000,Large Corporate,Defense,,,0,7600.0,5.0,5.0,7,345.45454545454544,0.0,0,0.0,0,22000,24,4,1,1,1,1,0,0,1,1,0,0,0
MTU Aero Engines,Active,DE,2003,Large Corporate,Aerospace,,,0,7500.0,12.0,15.0,7,625.0,0.0,0,0.0,0,12000,21,4,1,1,1,0,0,1,0,0,0,0,1
Airbus Defence & Space Germany,Active,DE,2000,Large Corporate,Aerospace+Space,,,0,7000.0,5.0,8.0,7,318.1818181818182,0.0,0,0.0,0,22000,24,4,1,1,1,1,1,1,0,0,0,0,1
Airbus Helicopters France,Active,FR,2000,Large Corporate,Aerospace+Defense,,,0,6500.0,8.0,10.0,7,295.45454545454544,0.0,0,0.0,0,22000,24,4,1,1,1,1,0,1,1,0,1,0,0
Saab AB,Active,SE,2000,Large Corporate,Aerospace+Defense,,,0,6000.0,25.0,10.0,7,272.72727272727275,0.0,0,0.0,0,22000,24,4,1,1,1,1,0,1,1,0,0,0,0
Dassault Aviation,Active,FR,2000,Large Corporate,Aerospace+Defense,,,0,5600.0,10.0,15.0,7,434.1085271317829,0.0,0,0.0,0,12900,24,4,1,1,1,1,0,1,1,0,1,0,0
MBDA France,Active,FR,2001,Large Corporate,Defense,,,0,4500.0,10.0,12.0,7,346.15384615384613,0.0,0,0.0,0,13000,23,4,0,1,1,1,0,0,1,0,1,0,0
Babcock International Aerospace div.,Active,UK,2000,Large Corporate,Aerospace+Defense,,,0,4500.0,5.0,8.0,7,128.57142857142858,0.0,0,0.0,0,35000,24,4,1,1,1,1,0,1,1,0,0,1,0
Indra Sistemas,Active,ES,2000,Large Corporate,Aerospace+Defense,,,0,4500.0,8.0,8.0,7,81.81818181818181,0.0,0,0.0,0,55000,24,4,1,1,1,1,0,1,1,0,0,0,0
Airbus Spain (CASA heritage),Active,ES,2000,Large Corporate,Aerospace+Defense,,,0,4000.0,5.0,8.0,7,333.3333333333333,0.0,0,0.0,0,12000,24,4,1,1,1,1,0,1,1,0,0,0,0
Framatome France,Active,FR,2018,Large Corporate,Defense,,,0,3700.0,8.0,10.0,7,205.55555555555557,0.0,0,0.0,0,18000,6,4,0,1,1,1,0,0,1,0,1,0,0
Leonardo Helicopters,Active,IT,2000,Large Corporate,Aerospace+Defense,,,0,3500.0,8.0,10.0,7,269.2307692307692,0.0,0,0.0,0,13000,24,4,1,1,1,1,0,1,1,1,0,0,0
GKN Aerospace,Active,UK,2001,Large Corporate,Aerospace+Defense,,,0,3470.0,8.0,8.0,7,231.33333333333331,0.0,0,0.0,0,15000,23,4,0,1,1,1,0,1,1,0,0,1,0
ArianeGroup,Active,FR,2015,Large Corporate,Space,,,0,3100.0,5.0,8.0,7,387.5,0.0,0,0.0,0,8000,9,4,0,1,1,0,1,0,0,0,1,0,0
Airbus Helicopters Germany,Active,DE,2000,Large Corporate,Aerospace+Defense,,,0,3000.0,5.0,8.0,7,300.0,0.0,0,0.0,0,10000,24,4,1,1,1,1,0,1,1,0,0,0,1
Alenia Aermacchi (post-merge),Active,IT,2012,Large Corporate,Aerospace+Defense,,,0,2800.0,5.0,8.0,7,233.33333333333331,0.0,0,0.0,0,12000,12,4,0,1,1,1,0,1,1,1,0,0,0
Hensoldt,Active,DE,2017,Large Corporate,Defense,,,0,2240.0,20.0,12.0,7,248.88888888888889,0.0,0,0.0,0,9000,7,4,1,1,1,1,0,0,1,0,0,0,1
Thales Alenia Space,Active,FR,2007,Large Corporate,Space,,,0,2200.0,8.0,10.0,7,258.8235294117647,0.0,0,0.0,0,8500,17,4,0,1,1,0,1,0,0,0,1,0,0
QinetiQ,Active,UK,2001,Large Corporate,Defense,,,0,2000.0,10.0,12.0,7,250.0,0.0,0,0.0,0,8000,23,4,1,1,1,1,0,0,1,0,0,1,0
Serco Group Aerospace,Active,UK,2003,Large Corporate,Defense+Space,,,0,2000.0,5.0,5.0,7,40.0,0.0,0,0.0,0,50000,21,4,1,0,1,1,1,0,1,0,0,1,0
Airbus Netherlands,Active,NL,2000,Large Corporate,Aerospace+Space,,,0,2000.0,5.0,8.0,7,333.3333333333333,0.0,0,0.0,0,6000,24,4,1,1,1,1,1,1,0,0,0,0,0
ThyssenKrupp Marine Systems,Active,DE,2005,Large Corporate,Defense,,,0,2000.0,15.0,8.0,7,333.3333333333333,0.0,0,0.0,0,6000,19,4,0,1,1,1,0,0,1,0,0,0,1
KNDS France,Active,FR,2015,Large Corporate,Defense,,,0,2000.0,15.0,10.0,7,333.3333333333333,0.0,0,0.0,0,6000,9,4,0,1,1,1,0,0,1,0,1,0,0
Krauss-Maffei Wegmann (KMW),Active,DE,2003,Large Corporate,Defense,,,0,1800.0,15.0,12.0,6,400.0,0.0,0,0.0,0,4500,21,4,0,1,1,1,0,0,1,0,0,0,1
Daher,Active,FR,2006,Large Corporate,Aerospace,,,0,1700.0,8.0,8.0,6,130.76923076923077,0.0,0,0.0,0,13000,18,4,0,1,1,0,0,1,0,0,1,0,0
Liebherr Aerospace,Active,DE,2002,Large Corporate,Aerospace,,,0,1500.0,8.0,10.0,6,272.72727272727275,0.0,0,0.0,0,5500,22,4,0,1,1,0,0,1,0,0,0,0,1
Airbus Military Spain,Active,ES,2003,Large Corporate,Aerospace+Defense,,,0,1500.0,5.0,8.0,6,375.0,0.0,0,0.0,0,4000,21,4,1,1,1,1,0,1,1,0,0,0,0
Eutelsat,Active,FR,2000,Large Corporate,Space,,,0,1300.0,3.0,35.0,6,928.5714285714286,0.0,0,0.0,0,1400,24,4,1,1,1,0,1,0,0,0,1,0,0
OHB SE,Active,DE,1981,Large Corporate,Space,,,0,1248.0,8.0,10.0,6,347.7291724714405,0.0,0,0.0,0,3589,43,4,1,1,1,0,1,0,0,0,0,0,1
Thales Alenia Space Italia,Active,IT,2007,Large Corporate,Space,,,0,1200.0,8.0,10.0,6,240.0,0.0,0,0.0,0,5000,17,4,0,1,1,0,1,0,0,1,0,0,0
Kongsberg Defence Aerospace,Active,NO,2000,Large Corporate,Aerospace+Defense,,,0,1200.0,12.0,15.0,6,240.0,0.0,0,0.0,0,5000,24,4,0,1,1,1,0,1,1,0,0,0,0
Pratt & Whitney France,Active,FR,2001,Large Corporate,Aerospace,,,0,1200.0,5.0,10.0,6,400.0,0.0,0,0.0,0,3000,23,4,0,1,1,0,0,1,0,0,1,0,0
Rohde & Schwarz Defence,Active,DE,2000,Large Corporate,Defense,,,0,1200.0,8.0,12.0,6,200.0,0.0,0,0.0,0,6000,24,4,0,1,1,1,0,0,1,0,0,0,1
Nexter Systems,Active,FR,2006,Large Corporate,Defense,,,0,1200.0,10.0,12.0,6,315.7894736842105,0.0,0,0.0,0,3800,18,4,0,1,1,1,0,0,1,0,1,0,0
MBDA UK,Active,UK,2001,Large Corporate,Defense,,,0,1200.0,10.0,12.0,6,375.0,0.0,0,0.0,0,3200,23,4,0,1,1,1,0,0,1,0,0,1,0
Pilatus Aircraft,Active,CH,2002,Large Corporate,Aerospace,,,0,1100.0,8.0,15.0,6,478.2608695652174,0.0,0,0.0,0,2300,22,4,0,1,1,0,0,1,0,0,0,0,0
Leonardo Helicopters UK,Active,UK,2007,Large Corporate,Aerospace+Defense,,,0,1000.0,8.0,10.0,6,277.77777777777777,0.0,0,0.0,0,3600,17,4,0,1,1,1,0,1,1,0,0,1,0
Lockheed Martin UK,Active,UK,2002,Large Corporate,Aerospace+Defense,,,0,1000.0,5.0,8.0,6,333.3333333333333,0.0,0,0.0,0,3000,22,4,0,1,1,1,0,1,1,0,0,1,0
Arianespace,Active,FR,2000,Large Corporate,Space,,,0,900.0,5.0,8.0,6,2571.428571428572,0.0,0,0.0,0,350,24,4,0,1,1,0,1,0,0,0,1,0,0
Thales UK,Active,UK,2002,Large Corporate,Defense+Space,,,0,900.0,8.0,8.0,6,128.57142857142858,0.0,0,0.0,0,7000,22,4,0,1,1,1,1,0,1,0,0,1,0
Smiths Detection,Active,UK,2000,Large Corporate,Defense,,,0,900.0,5.0,10.0,6,360.0,0.0,0,0.0,0,2500,24,4,1,1,1,1,0,0,1,0,0,1,0
SAAB Dynamics,Active,SE,2003,Large Corporate,Defense,,,0,900.0,10.0,12.0,6,200.0,0.0,0,0.0,0,4500,21,4,0,1,1,1,0,0,1,0,0,0,0
Ultra Electronics (post-2022),Active,UK,2022,Large Corporate,Defense,,,0,900.0,5.0,12.0,6,200.0,0.0,0,0.0,0,4500,2,4,0,1,1,1,0,0,1,0,0,1,0
Ultra Electronics (post-acq branch),Active,UK,2022,Large Corporate,Defense,,,0,850.0,5.0,12.0,6,188.88888888888889,0.0,0,0.0,0,4500,2,4,0,1,1,1,0,0,1,0,0,1,0
Diehl Defence,Active,DE,2005,Large Corporate,Defense,,,0,800.0,8.0,10.0,6,228.57142857142856,0.0,0,0.0,0,3500,19,4,0,1,1,1,0,0,1,0,0,0,1
Marshall Aerospace,Active,UK,2000,Large Corporate,Aerospace+Defense,,,0,800.0,5.0,8.0,6,160.0,0.0,0,0.0,0,5000,24,4,0,1,1,1,0,1,1,0,0,1,0
MBDA Italia,Active,IT,2001,Large Corporate,Defense,,,0,800.0,10.0,12.0,6,400.0,0.0,0,0.0,0,2000,23,4,0,1,1,1,0,0,1,1,0,0,0
Flybe,Bankrupt,UK,2002,Large Corporate,Aerospace,,,0,750.0,-10.0,-15.0,6,214.28571428571428,100.0,2,4.545454545454546,1,3500,22,4,1,0,0,0,0,1,0,0,0,1,0
Patria (Finland),Active,FI,2000,Large Corporate,Aerospace+Defense,,,0,700.0,10.0,10.0,6,200.0,0.0,0,0.0,0,3500,24,4,0,1,1,1,0,1,1,0,0,0,0
Diehl Aviation,Active,DE,2005,Large Corporate,Aerospace,,,0,700.0,5.0,8.0,6,200.0,0.0,0,0.0,0,3500,19,4,0,1,1,0,0,1,0,0,0,0,1
Thalès AVS France,Active,FR,2000,Large Corporate,Aerospace+Defense,,,0,700.0,5.0,8.0,6,233.33333333333331,0.0,0,0.0,0,3000,24,4,0,1,1,1,0,1,1,0,1,0,0
Short Brothers (Bombardier UK),Active,UK,2003,Large Corporate,Aerospace,,,0,700.0,5.0,5.0,6,116.66666666666669,0.0,0,0.0,0,6000,21,4,0,1,1,0,0,1,0,0,0,1,0
ITP Aero,Active,ES,2000,Large Corporate,Aerospace,,,0,700.0,8.0,10.0,6,175.0,0.0,0,0.0,0,4000,24,4,0,1,1,0,0,1,0,0,0,0,0
Chemring Group,Active,UK,2002,Large Corporate,Defense,,,0,600.0,8.0,12.0,6,214.28571428571428,0.0,0,0.0,0,2800,22,4,1,1,1,1,0,0,1,0,0,1,0
Fokker Services,Active,NL,2009,Large Corporate,Aerospace,,,0,600.0,5.0,8.0,6,171.42857142857142,0.0,0,0.0,0,3500,15,4,0,1,1,0,0,1,0,0,0,0,0
Nammo,Active,NO,2001,Large Corporate,Defense,,,0,550.0,15.0,12.0,6,183.33333333333331,0.0,0,0.0,0,3000,23,4,0,1,1,1,0,0,1,0,0,0,0
MBDA Deutschland,Active,DE,2001,Large Corporate,Defense,,,0,500.0,10.0,12.0,6,500.0,0.0,0,0.0,0,1000,23,4,0,1,1,1,0,0,1,0,0,0,1
Beyond Gravity (ex-RUAG Space),Active,CH,2022,Large Corporate,Space,,,0,500.0,8.0,10.0,6,227.27272727272728,0.0,0,0.0,0,2200,2,4,0,1,1,0,1,0,0,0,0,0,0
Elbit Israel (Europe div.),Active,UK,2008,Large Corporate,Defense,,,0,500.0,8.0,12.0,6,200.0,0.0,0,0.0,0,2500,16,4,1,1,1,1,0,0,1,0,0,1,0
Raytheon UK,Active,UK,2005,Large Corporate,Defense,,,0,500.0,8.0,10.0,6,294.11764705882354,0.0,0,0.0,0,1700,19,4,0,1,1,1,0,0,1,0,0,1,0
Diehl BGT Defence,Active,DE,2009,Large Corporate,Defense,,,0,500.0,8.0,10.0,6,200.0,0.0,0,0.0,0,2500,15,4,0,1,1,1,0,0,1,0,0,0,1
DE&S (UK MoD spin),Active,UK,2014,Large Corporate,Defense,,,0,500.0,5.0,5.0,6,41.66666666666666,0.0,0,0.0,0,12000,10,4,0,1,1,1,0,0,1,0,0,1,0
Airbus Helicopters UK,Active,UK,2003,Large Corporate,Aerospace+Defense,,,0,500.0,5.0,8.0,6,250.0,0.0,0,0.0,0,2000,21,4,0,1,1,1,0,1,1,0,0,1,0
Goodrich (UTC) UK Aerospace,Active,UK,2000,Large Corporate,Aerospace,,,0,500.0,5.0,8.0,6,250.0,0.0,0,0.0,0,2000,24,4,0,1,1,0,0,1,0,0,0,1,0
Avio,Active,IT,2003,Large Corporate,Space,,,0,470.0,8.0,10.0,5,109.30232558139537,0.0,0,0.0,0,4300,21,4,1,1,1,0,1,0,0,1,0,0,0
Latecoere,Active,FR,2000,Large Corporate,Aerospace,,,0,460.0,-5.0,-3.0,5,86.79245283018868,200.0,2,8.333333333333334,1,5300,24,4,1,1,1,0,0,1,0,0,1,0,0
RUAG Space,Active,CH,2008,Large Corporate,Space,,,0,460.0,5.0,10.0,5,230.0,0.0,0,0.0,0,2000,16,4,0,1,1,0,1,0,0,0,0,0,0
Telespazio,Active,IT,2000,Large Corporate,Space,,,0,400.0,5.0,12.0,5,153.84615384615384,0.0,0,0.0,0,2600,24,4,0,1,1,0,1,0,0,1,0,0,0
GMV,Active,ES,2001,Large Corporate,Aerospace+Defense+Space,,,0,400.0,10.0,10.0,5,133.33333333333334,0.0,0,0.0,0,3000,23,4,0,1,1,1,1,1,1,0,0,0,0
Terma A/S,Active,DK,2000,Large Corporate,Aerospace+Defense,,,0,400.0,8.0,10.0,5,222.22222222222223,0.0,0,0.0,0,1800,24,4,0,1,1,1,0,1,1,0,0,0,0
BAE Systems Applied Intelligence,Active,UK,2011,PMI,Defense,,,0,400.0,10.0,12.0,5,200.0,0.0,0,0.0,0,2000,13,3,0,1,1,1,0,0,1,0,0,1,0
Eurosam,Active,FR,2002,Large Corporate,Defense,,,0,400.0,5.0,10.0,5,666.6666666666666,0.0,0,0.0,0,600,22,4,0,1,1,1,0,0,1,0,1,0,0
Atkins Aerospace UK,Active,UK,2000,Large Corporate,Aerospace+Defense,,,0,400.0,5.0,8.0,5,133.33333333333334,0.0,0,0.0,0,3000,24,4,0,1,1,1,0,1,1,0,0,1,0
Thales Netherlands,Active,NL,2002,Large Corporate,Defense+Space,,,0,400.0,5.0,8.0,5,200.0,0.0,0,0.0,0,2000,22,4,0,1,1,1,1,0,1,0,0,0,0
GMV Innovating Solutions,Active,ES,2004,Large Corporate,Aerospace+Defense+Space,,,0,400.0,10.0,10.0,5,133.33333333333334,0.0,0,0.0,0,3000,20,4,0,1,1,1,1,1,1,0,0,0,0
SENER Aerospace,Active,ES,2001,Large Corporate,Aerospace+Space,,,0,400.0,8.0,10.0,5,142.85714285714286,0.0,0,0.0,0,2800,23,4,0,1,1,0,1,1,0,0,0,0,0
Assystem,Active,FR,2000,Large Corporate,Aerospace+Defense,,,0,350.0,8.0,8.0,5,50.0,0.0,0,0.0,0,7000,24,4,1,0,1,1,0,1,1,0,1,0,0
French Agility / Figeac Aero,Active,FR,2004,Large Corporate,Aerospace,,,0,300.0,-5.0,2.0,5,85.71428571428571,150.0,2,7.5,1,3500,20,4,1,0,1,0,0,1,0,0,1,0,0
MOOG Europe,Active,DE,2001,Large Corporate,Aerospace+Defense,,,0,300.0,5.0,10.0,5,200.0,0.0,0,0.0,0,1500,23,4,0,1,1,1,0,1,1,0,0,0,1
FLIR Systems Europe,Active,UK,2005,Large Corporate,Defense,,,0,300.0,8.0,12.0,5,200.0,0.0,0,0.0,0,1500,19,4,0,1,1,1,0,0,1,0,0,1,0
Airbus DS Netherlands,Active,NL,2013,Large Corporate,Space,,,0,300.0,5.0,8.0,5,250.0,0.0,0,0.0,0,1200,11,4,0,1,1,0,1,0,0,0,0,0,0
OneWeb (original),Bankrupt,UK,2012,Large Corporate,Space,,,0,300.0,50.0,-200.0,5,600.0,3000.0,6,250.0,1,500,12,4,1,1,0,0,1,0,0,0,0,1,0
Teledyne e2v UK,Active,UK,2009,Large Corporate,Aerospace+Defense+Space,,,0,250.0,8.0,12.0,5,208.33333333333331,0.0,0,0.0,0,1200,15,4,0,1,1,1,1,1,1,0,0,1,0
Neos,Active,IT,2001,Large Corporate,Aerospace,,,0,200.0,5.0,3.0,5,250.0,0.0,0,0.0,0,800,23,4,0,0,0,0,0,1,0,1,0,0,0
Elettronica,Active,IT,2002,Large Corporate,Defense,,,0,200.0,7.0,12.0,5,222.22222222222223,0.0,0,0.0,0,900,22,4,0,1,1,1,0,0,1,1,0,0,0
Hispasat,Active,ES,2000,Large Corporate,Space,,,0,200.0,5.0,35.0,5,1000.0,0.0,0,0.0,0,200,24,4,0,1,1,0,1,0,0,0,0,0,0
Patria Aviation,Active,FI,2003,PMI,Aerospace,,,0,200.0,8.0,8.0,5,166.66666666666666,0.0,0,0.0,0,1200,21,3,0,1,1,0,0,1,0,0,0,0,0
Ruag Ammotec,Active,CH,2008,Large Corporate,Defense,,,0,200.0,5.0,10.0,5,200.0,0.0,0,0.0,0,1000,16,4,0,1,1,1,0,0,1,0,0,0,0
Cohort PLC,Active,UK,2006,Large Corporate,Defense,,,0,200.0,10.0,10.0,5,222.22222222222223,0.0,0,0.0,0,900,18,4,1,1,1,1,0,0,1,0,0,1,0
Meggitt Aircraft Braking UK,Active,UK,2001,Large Corporate,Aerospace,,,0,200.0,5.0,8.0,5,200.0,0.0,0,0.0,0,1000,23,4,0,1,1,0,0,1,0,0,0,1,0
Tecnobit Spain,Active,ES,2000,Large Corporate,Aerospace+Defense,,,0,200.0,8.0,8.0,5,166.66666666666666,0.0,0,0.0,0,1200,24,4,0,1,1,1,0,1,1,0,0,0,0
Aciturri,Active,ES,2000,PMI,Aerospace,,,0,200.0,8.0,8.0,5,111.11111111111111,0.0,0,0.0,0,1800,24,3,0,1,1,0,0,1,0,0,0,0,0
Aigle Azur,Bankrupt,FR,2002,PMI,Aerospace,,,0,200.0,-5.0,-10.0,5,181.8181818181818,20.0,1,0.9090909090909092,1,1100,22,3,0,0,0,0,0,1,0,0,1,0,0
Tesat-Spacecom,Active,DE,2002,PMI,Space,,,0,160.0,5.0,12.0,5,228.57142857142856,0.0,0,0.0,0,700,22,3,0,1,1,0,1,0,0,0,0,0,1
Elbit Systems UK,Active,UK,2012,Large Corporate,Defense,,,0,150.0,8.0,10.0,5,214.28571428571428,0.0,0,0.0,0,700,12,4,0,1,1,1,0,0,1,0,0,1,0
Palantir UK,Active,UK,2015,Large Corporate,Defense,,,0,150.0,30.0,5.0,5,300.0,0.0,0,0.0,0,500,9,4,1,1,1,1,0,0,1,0,0,1,0
AvioAero,Active,IT,2013,PMI,Aerospace,,,0,150.0,8.0,10.0,5,187.5,0.0,0,0.0,0,800,11,3,0,1,1,0,0,1,0,1,0,0,0
Spirent Communications,Active,UK,2001,PMI,Defense+Space,,,0,130.0,5.0,15.0,5,130.0,0.0,0,0.0,0,1000,23,3,1,1,1,1,1,0,1,0,0,1,0
BV Tech,Active,IT,2005,Large Corporate,Defense+Space,,,0,120.0,8.0,10.0,5,171.42857142857142,0.0,0,0.0,0,700,19,4,0,1,1,1,1,0,1,1,0,0,0
Sogeclair,Active,FR,2001,PMI,Aerospace,,,0,120.0,8.0,8.0,5,100.0,0.0,0,0.0,0,1200,23,3,1,0,1,0,0,1,0,0,1,0,0
MT Aerospace,Active,DE,2005,PMI,Space,,,0,120.0,8.0,8.0,5,240.0,0.0,0,0.0,0,500,19,3,0,1,1,0,1,0,0,0,0,0,1
Surrey Satellite Technology (SSTL),Active,UK,2000,PMI,Space,,,0,120.0,5.0,8.0,5,218.1818181818182,0.0,0,0.0,0,550,24,3,0,1,1,0,1,0,0,0,0,1,0
Jenoptik Aerospace,Active,DE,2005,PMI,Defense+Space,,,0,120.0,8.0,10.0,5,200.0,0.0,0,0.0,0,600,19,3,1,1,1,1,1,0,1,0,0,0,1
WB Electronics,Active,PL,2000,Large Corporate,Defense,,,0,120.0,15.0,10.0,5,150.0,0.0,0,0.0,0,800,24,4,0,1,1,1,0,0,1,0,0,0,0
GMV Aerospace,Active,ES,2008,PMI,Space+Defense,,,0,100.0,10.0,10.0,5,125.0,0.0,0,0.0,0,800,16,3,0,1,1,1,1,0,1,0,0,0,0
Leonardo MW Ltd,Active,UK,2016,PMI,Defense+Space,,,0,100.0,8.0,8.0,5,200.0,0.0,0,0.0,0,500,8,3,0,1,1,1,1,0,1,0,0,1,0
Swedish Space Corporation,Active,SE,2000,Large Corporate,Space,,,0,100.0,8.0,10.0,5,200.0,0.0,0,0.0,0,500,24,4,0,1,1,0,1,0,0,0,0,0,0
Ultra Electronics SONAR,Active,UK,2010,PMI,Defense,,,0,100.0,5.0,10.0,5,200.0,0.0,0,0.0,0,500,14,3,0,1,1,1,0,0,1,0,0,1,0
National Aerospace Laboratory (NLR),Active,NL,2000,Research,Aerospace+Space,,,0,100.0,5.0,5.0,5,166.66666666666666,0.0,0,0.0,0,600,24,0,0,1,1,0,1,1,0,0,0,0,0
Dallara Automobili,Active,IT,2007,PMI,Aerospace,,,0,90.0,8.0,12.0,4,128.57142857142858,0.0,0,0.0,0,700,17,3,0,1,0,0,0,1,0,1,0,0,0
Safran Data Systems,Active,FR,2010,PMI,Aerospace+Defense,,,0,80.0,5.0,10.0,4,200.0,0.0,0,0.0,0,400,14,3,0,1,1,1,0,1,1,0,1,0,0
YARA Marine / Bayern Chemie,Active,DE,2000,PMI,Defense,,,0,80.0,5.0,10.0,4,200.0,0.0,0,0.0,0,400,24,3,0,1,1,1,0,0,1,0,0,0,1
Frazer-Nash Consultancy,Active,UK,2002,PMI,Defense+Space,,,0,80.0,10.0,10.0,4,114.28571428571428,0.0,0,0.0,0,700,22,3,0,1,1,1,1,0,1,0,0,1,0
ICEYE,Active,FI,2014,Scale-up,Space+Defense,,,0,80.0,80.0,-30.0,4,100.0,1100.0,6,110.0,1,800,10,2,0,1,1,1,1,0,1,0,0,0,0
TTTech Aerospace,Active,AT,2009,PMI,Aerospace,,,0,80.0,10.0,12.0,4,200.0,0.0,0,0.0,0,400,15,3,0,1,1,0,0,1,0,0,0,0,0
FFT Production Systems,Active,DE,2009,PMI,Aerospace,,,0,80.0,8.0,8.0,4,133.33333333333334,0.0,0,0.0,0,600,15,3,0,1,1,0,0,1,0,0,0,0,1
Airbus CyberSecurity,Active,FR,2015,PMI,Defense+Space,,,0,80.0,15.0,8.0,4,160.0,0.0,0,0.0,0,500,9,3,0,1,1,1,1,0,1,0,1,0,0
Spire Global Europe,Active,UK,2012,Scale-up,Space+Defense,,,0,80.0,30.0,-20.0,4,100.0,200.0,5,16.666666666666668,1,800,12,2,1,1,1,0,1,0,1,0,0,1,0
Roke Manor (Chemring),Active,UK,2015,PMI,Defense,,,0,80.0,8.0,10.0,4,160.0,0.0,0,0.0,0,500,9,3,0,1,1,1,0,0,1,0,0,1,0
Helsing,Active,DE,2021,Scale-up,Defense,,,0,80.0,200.0,-150.0,4,133.33333333333334,1100.0,4,366.6666666666667,1,600,3,2,0,1,1,1,0,0,1,0,0,0,1
Telespazio Germany,Active,DE,2002,PMI,Space,,,0,80.0,5.0,10.0,4,200.0,0.0,0,0.0,0,400,22,3,0,1,1,0,1,0,0,0,0,0,1
Rheinmetall Italia,Active,IT,2009,PMI,Defense,,,0,80.0,10.0,10.0,4,200.0,0.0,0,0.0,0,400,15,3,0,1,1,1,0,0,1,1,0,0,0
Elettronica Defence,Active,IT,2015,PMI,Defense,,,0,80.0,8.0,10.0,4,200.0,0.0,0,0.0,0,400,9,3,0,1,1,1,0,0,1,1,0,0,0
Chemring Energetics UK,Active,UK,2005,PMI,Defense,,,0,80.0,5.0,10.0,4,160.0,0.0,0,0.0,0,500,19,3,0,1,1,1,0,0,1,0,0,1,0
VDL Groep Aerospace,Active,NL,2010,PMI,Aerospace,,,0,80.0,5.0,8.0,4,160.0,0.0,0,0.0,0,500,14,3,0,1,0,0,0,1,0,0,0,0,0
e-GEOS,Active,IT,2009,PMI,Space,,,0,60.0,10.0,15.0,4,200.0,0.0,0,0.0,0,300,15,3,0,1,1,0,1,0,0,1,0,0,0
IDS Ingegneria dei Sistemi,Active,IT,2000,PMI,Defense+Space,,,0,60.0,8.0,10.0,4,133.33333333333334,0.0,0,0.0,0,450,24,3,0,1,1,1,1,0,1,1,0,0,0
Fincantieri Sistemi Integrati,Active,IT,2015,PMI,Defense,,,0,60.0,5.0,8.0,4,200.0,0.0,0,0.0,0,300,9,3,0,1,1,1,0,0,1,1,0,0,0
D-Orbit,Active,IT,2011,Scale-up,Space,,,0,52.0,80.0,-40.0,4,260.0,310.0,10,23.846153846153847,1,200,13,2,0,1,1,0,1,0,0,1,0,0,0
Beyond Gravity Netherlands,Active,NL,2001,PMI,Space,,,0,50.0,8.0,10.0,4,200.0,0.0,0,0.0,0,250,23,3,0,1,1,0,1,0,0,0,0,0,0
Thales Czech,Active,CZ,2001,PMI,Defense,,,0,50.0,5.0,8.0,4,166.66666666666666,0.0,0,0.0,0,300,23,3,0,1,1,1,0,0,1,0,0,0,0
Tekever,Active,PT,2003,Scale-up,Aerospace+Defense,,,0,50.0,60.0,-10.0,4,200.0,30.0,3,1.4285714285714286,1,250,21,2,0,1,1,1,0,1,1,0,0,0,0
Grob Aircraft,Active,DE,2003,PMI,Aerospace,,,0,50.0,5.0,8.0,4,125.0,0.0,0,0.0,0,400,21,3,0,1,0,0,0,1,0,0,0,0,1
Thales Norge,Active,NO,2004,PMI,Defense,,,0,50.0,5.0,8.0,4,200.0,0.0,0,0.0,0,250,20,3,0,1,1,1,0,0,1,0,0,0,0
Officine Aeronavali Venezia,Active,IT,2002,PMI,Aerospace,,,0,50.0,5.0,6.0,4,166.66666666666666,0.0,0,0.0,0,300,22,3,0,0,1,0,0,1,0,1,0,0,0
Leonardo Germany,Active,DE,2015,PMI,Defense+Space,,,0,50.0,5.0,8.0,4,166.66666666666666,0.0,0,0.0,0,300,9,3,0,1,1,1,1,0,1,0,0,0,1
Vectrus Europe,Active,UK,2014,PMI,Defense,,,0,50.0,8.0,5.0,4,166.66666666666666,0.0,0,0.0,0,300,10,3,0,0,1,0,0,0,1,0,0,1,0
Spainsat / Hisdesat,Active,ES,2001,PMI,Space+Defense,,,0,50.0,5.0,12.0,4,833.3333333333334,0.0,0,0.0,0,60,23,3,0,1,1,1,1,0,1,0,0,0,0
Avia Solutions Group,Bankrupt,LT,2010,PMI,Aerospace,,,0,50.0,-10.0,-20.0,4,166.66666666666666,5.0,1,0.3571428571428571,0,300,14,3,0,0,0,0,0,1,0,0,0,0,0
ALTEC,Active,IT,2001,PMI,Space,,,0,40.0,5.0,8.0,4,200.0,0.0,0,0.0,0,200,23,3,0,0,1,0,1,0,0,1,0,0,0
Magnaghi Aeronautica,Active,IT,2000,PMI,Aerospace,,,0,40.0,5.0,8.0,4,160.0,0.0,0,0.0,0,250,24,3,0,1,1,0,0,1,0,1,0,0,0
Mecaer Aviation Group,Active,IT,2002,PMI,Aerospace,,,0,40.0,5.0,8.0,4,160.0,0.0,0,0.0,0,250,22,3,0,1,0,0,0,1,0,1,0,0,0
Magnaghi Aeronautica SpA,Active,IT,2003,PMI,Aerospace,,,0,40.0,5.0,8.0,4,160.0,0.0,0,0.0,0,250,21,3,0,1,1,0,0,1,0,1,0,0,0
OMA - Officine Mecchaniche Aeronautiche,Active,IT,2001,PMI,Aerospace,,,0,30.0,5.0,6.0,4,150.0,0.0,0,0.0,0,200,23,3,0,0,1,0,0,1,0,1,0,0,0
Exolaunch,Active,DE,2008,Scale-up,Space,,,0,30.0,40.0,5.0,4,300.0,20.0,2,1.25,1,100,16,2,0,1,1,0,1,0,0,0,0,0,1
Reaction Engines,Active,UK,2000,Scale-up,Aerospace+Space,,,0,30.0,20.0,-60.0,4,150.0,120.0,4,5.0,1,200,24,2,0,1,1,0,1,1,0,0,0,1,0
Elbit Systems of Spain,Active,ES,2010,PMI,Defense,,,0,30.0,8.0,8.0,4,150.0,0.0,0,0.0,0,200,14,3,0,1,1,1,0,0,1,0,0,0,0
Andoya Space,Active,NO,2008,PMI,Space,,,0,30.0,8.0,5.0,4,250.0,5.0,1,0.3125,0,120,16,3,0,0,1,0,1,0,0,0,0,0,0
Satellite Applications Catapult,Active,UK,2013,PMI,Space,,,0,30.0,10.0,5.0,4,200.0,20.0,2,1.818181818181818,1,150,11,3,0,1,1,0,1,0,0,0,0,1,0
Milrem Robotics,Active,EE,2013,Scale-up,Defense,,,0,30.0,60.0,-20.0,4,150.0,40.0,3,3.636363636363636,1,200,11,2,0,1,1,1,0,0,1,0,0,0,0
Kongsberg Satellite Services,Active,NO,2005,PMI,Space,,,0,30.0,8.0,10.0,4,200.0,0.0,0,0.0,0,150,19,3,0,1,1,0,1,0,0,0,0,0,0
Aerojet Rocketdyne Europe,Active,DE,2008,PMI,Space,,,0,30.0,5.0,8.0,4,200.0,0.0,0,0.0,0,150,16,3,0,1,1,0,1,0,0,0,0,0,1
HENSOLDT UK,Active,UK,2020,PMI,Defense,,,0,30.0,20.0,10.0,4,200.0,0.0,0,0.0,0,150,4,3,0,1,1,1,0,0,1,0,0,1,0
DRS Defence Solutions UK,Active,UK,2008,PMI,Defense,,,0,30.0,5.0,8.0,4,200.0,0.0,0,0.0,0,150,16,3,0,1,1,1,0,0,1,0,0,1,0
Leonardo Spain,Active,ES,2012,PMI,Defense+Space,,,0,30.0,5.0,8.0,4,150.0,0.0,0,0.0,0,200,12,3,0,1,1,1,1,0,1,0,0,0,0
Argotec,Active,IT,2008,Scale-up,Space,,,0,28.0,25.0,10.0,4,123.89380530973452,0.2,1,0.0125,0,226,16,2,0,1,1,0,1,0,0,1,0,0,0
Hexagon Composites Italy,Active,IT,2008,PMI,Aerospace+Defense,,,0,25.0,8.0,10.0,4,166.66666666666666,0.0,0,0.0,0,150,16,3,0,1,1,1,0,1,1,1,0,0,0
Werum IT Solutions (Aerospace div.),Active,DE,2011,PMI,Aerospace,,,0,25.0,8.0,8.0,4,125.0,0.0,0,0.0,0,200,13,3,0,0,1,0,0,1,0,0,0,0,1
Quantum Systems,Active,DE,2015,Scale-up,Defense,,,0,25.0,80.0,-50.0,4,100.0,150.0,4,16.666666666666668,1,250,9,2,0,1,1,1,0,0,1,0,0,0,1
SITAEL,Active,IT,2014,Scale-up,Space,,,0,20.0,15.0,8.0,4,111.11111111111111,10.0,2,1.0,0,180,10,2,0,1,1,0,1,0,0,1,0,0,0
Hemeria,Active,FR,2016,PMI,Defense+Space,,,0,20.0,20.0,5.0,4,133.33333333333334,15.0,2,1.875,1,150,8,3,0,1,1,1,1,0,1,0,1,0,0
Isar Aerospace,Active,DE,2018,Scale-up,Space,,,0,20.0,150.0,-200.0,4,50.0,600.0,5,100.0,1,400,6,2,0,1,0,0,1,0,0,0,0,0,1
GomSpace,Active,DK,2007,Scale-up,Space,,,0,20.0,15.0,-10.0,4,133.33333333333334,15.0,3,0.8823529411764706,1,150,17,2,1,1,1,0,1,0,0,0,0,0,0
SWISSto12,Active,CH,2011,Scale-up,Space,,,0,20.0,40.0,-20.0,4,166.66666666666666,40.0,3,3.076923076923077,1,120,13,2,0,1,1,0,1,0,0,0,0,0,0
Airbus UpNext,Active,FR,2019,Scale-up,Aerospace,,,0,20.0,50.0,-30.0,4,250.0,30.0,1,6.0,1,80,5,2,0,1,0,0,0,1,0,0,1,0,0
Telespazio UK,Active,UK,2006,PMI,Space,,,0,20.0,5.0,8.0,4,200.0,0.0,0,0.0,0,100,18,3,0,1,1,0,1,0,0,0,0,1,0
Bayerische Motoren Werke Aerospace,Active,DE,2004,PMI,Aerospace,,,0,20.0,5.0,8.0,4,133.33333333333334,0.0,0,0.0,0,150,20,3,0,1,0,0,0,1,0,0,0,0,1
Anduril UK,Active,UK,2022,Scale-up,Defense,,,0,20.0,150.0,-100.0,4,200.0,50.0,1,25.0,1,100,2,2,0,1,1,1,0,0,1,0,0,1,0
COMDEV Sweden,Active,SE,2006,PMI,Space,,,0,20.0,5.0,8.0,4,200.0,0.0,0,0.0,0,100,18,3,0,1,1,0,1,0,0,0,0,0,0
Space Norway,Active,NO,2015,PMI,Space,,,0,20.0,10.0,8.0,4,333.3333333333333,5.0,1,0.5555555555555556,0,60,9,3,0,0,1,0,1,0,0,0,0,0,0
Aero Sekur,Active,IT,2001,PMI,Aerospace+Defense,,,0,20.0,5.0,8.0,4,166.66666666666666,0.0,0,0.0,0,120,23,3,0,1,1,1,0,1,1,1,0,0,0
AIM Germany (Aeroquip),Active,DE,2006,PMI,Aerospace,,,0,20.0,5.0,8.0,4,133.33333333333334,0.0,0,0.0,0,150,18,3,0,1,0,0,0,1,0,0,0,0,1
Elbit Systems EU (Netherlands),Active,NL,2015,PMI,Defense,,,0,20.0,8.0,8.0,4,200.0,0.0,0,0.0,0,100,9,3,0,1,1,1,0,0,1,0,0,0,0
Orbcomm Europe,Bankrupt,UK,2001,PMI,Space,,,0,20.0,-10.0,-30.0,4,250.0,30.0,2,1.3043478260869563,1,80,23,3,0,0,0,0,1,0,0,0,0,1,0
CY4GATE,Active,IT,2016,Scale-up,Defense+Space,,,0,15.0,20.0,12.0,3,100.0,10.0,2,1.25,0,150,8,2,1,1,1,1,1,0,1,1,0,0,0
Unseenlabs,Active,FR,2018,Scale-up,Defense+Space,,,0,15.0,80.0,-30.0,3,187.5,100.0,3,16.666666666666668,1,80,6,2,0,1,1,1,1,0,1,0,1,0,0
Open Cosmos,Active,UK,2016,Scale-up,Space,,,0,15.0,50.0,-30.0,3,125.0,35.0,3,4.375,1,120,8,2,0,1,1,0,1,0,0,0,0,1,0
PLD Space,Active,ES,2011,Scale-up,Space,,,0,15.0,80.0,-80.0,3,75.0,350.0,4,26.923076923076923,1,200,13,2,0,1,0,0,1,0,0,0,0,0,0
Bradford Space,Active,NL,2000,PMI,Space,,,0,15.0,8.0,8.0,3,150.0,0.0,0,0.0,0,100,24,3,0,1,1,0,1,0,0,0,0,0,0
Nordic Unmanned,Active,NO,2014,Scale-up,Defense,,,0,15.0,40.0,-20.0,3,150.0,20.0,3,2.0,1,100,10,2,0,0,1,1,0,0,1,0,0,0,0
GMV Portugal,Active,PT,2003,PMI,Space,,,0,15.0,10.0,8.0,3,150.0,0.0,0,0.0,0,100,21,3,0,1,1,0,1,0,0,0,0,0,0
GA-EMS Europe,Active,UK,2018,Scale-up,Defense+Space,,,0,15.0,30.0,-10.0,3,187.5,10.0,1,1.6666666666666667,0,80,6,2,0,1,1,1,1,0,1,0,0,1,0
Mynaric,Active,DE,2009,Scale-up,Space+Defense,,,0,15.0,40.0,-80.0,3,75.0,80.0,4,5.333333333333333,1,200,15,2,1,1,1,1,1,0,1,0,0,0,1
Aerojet Italy,Active,IT,2010,PMI,Aerospace+Defense,,,0,15.0,5.0,8.0,3,187.5,0.0,0,0.0,0,80,14,3,0,1,1,1,0,1,1,1,0,0,0
Sievert Larson Aerospace,Active,SE,2007,PMI,Aerospace,,,0,15.0,5.0,8.0,3,150.0,0.0,0,0.0,0,100,17,3,0,1,0,0,0,1,0,0,0,0,0
Exprivia Defence,Active,IT,2008,PMI,Defense,,,0,15.0,8.0,8.0,3,150.0,0.0,0,0.0,0,100,16,3,0,1,1,1,0,0,1,1,0,0,0
ARCA Technologie,Active,IT,2014,PMI,Aerospace+Space,,,0,12.0,10.0,5.0,3,150.0,0.0,0,0.0,0,80,10,3,0,1,1,1,1,1,0,1,0,0,0
SkyAlps,Active,IT,2019,PMI,Aerospace,,,0,12.0,10.0,3.0,3,150.0,0.0,0,0.0,0,80,5,3,0,0,0,0,0,1,0,1,0,0,0
Tyvak International,Active,IT,2015,PMI,Space,,,0,12.0,20.0,8.0,3,150.0,5.0,2,0.5555555555555556,0,80,9,3,0,1,1,0,1,0,0,1,0,0,0
Kineis,Active,FR,2019,Scale-up,Space,,,0,12.0,50.0,-30.0,3,171.42857142857142,100.0,3,20.0,1,70,5,2,0,0,1,0,1,0,0,0,1,0,0
Astroscale UK,Active,UK,2015,Scale-up,Space,,,0,12.0,40.0,-50.0,3,100.0,200.0,4,22.22222222222222,1,120,9,2,0,1,1,0,1,0,0,0,0,1,0
ISISPACE Group,Active,NL,2006,PMI,Space,,,0,12.0,15.0,8.0,3,133.33333333333334,5.0,2,0.2777777777777778,0,90,18,3,0,1,1,0,1,0,0,0,0,0,0
AAC Clyde Space,Active,UK,2005,Scale-up,Space,,,0,12.0,20.0,-15.0,3,100.0,20.0,3,1.0526315789473684,1,120,19,2,1,1,1,0,1,0,0,0,0,1,0
Deimos Space Portugal,Active,PT,2009,PMI,Space,,,0,12.0,10.0,8.0,3,150.0,2.0,1,0.1333333333333333,0,80,15,3,0,1,1,0,1,0,0,0,0,0,0
EnduroSat,Active,BG,2015,Scale-up,Space,,,0,12.0,40.0,5.0,3,100.0,20.0,3,2.2222222222222223,1,120,9,2,0,1,1,0,1,0,0,0,0,0,0
EIE Group,Active,IT,2013,PMI,Space,,,0,10.0,8.0,8.0,3,166.66666666666666,0.0,0,0.0,0,60,11,3,0,1,1,0,1,0,0,1,0,0,0
Exotrail,Active,FR,2017,Scale-up,Space,,,0,10.0,60.0,-40.0,3,125.0,45.0,3,6.428571428571429,1,80,7,2,0,1,1,0,1,0,0,0,1,0,0
In-Space Missions,Active,UK,2015,Scale-up,Space,,,0,10.0,25.0,-10.0,3,125.0,10.0,2,1.1111111111111112,0,80,9,2,0,1,1,0,1,0,0,0,0,1,0
Telefonica Tech Aerospace,Active,ES,2020,Scale-up,Space,,,0,10.0,40.0,0.0,3,125.0,5.0,1,1.25,0,80,4,2,1,0,1,0,1,0,0,0,0,0,0
Sensonics,Active,UK,2005,PMI,Aerospace,,,0,10.0,8.0,8.0,3,125.0,0.0,0,0.0,0,80,19,3,0,1,1,0,0,1,0,0,0,1,0
The Exploration Company,Active,DE,2021,Startup,Space,,,0,10.0,100.0,-80.0,3,66.66666666666667,155.0,3,51.66666666666666,1,150,3,1,0,1,1,0,1,0,0,0,0,0,1
IDS Georadar,Active,IT,2010,PMI,Defense,,,0,10.0,8.0,10.0,3,166.66666666666666,2.0,1,0.1428571428571428,0,60,14,3,0,1,1,1,0,0,1,1,0,0,0
Xtar Europe,Bankrupt,ES,2006,PMI,Space,,,0,10.0,-5.0,-20.0,3,333.3333333333333,5.0,1,0.2777777777777778,0,30,18,3,0,0,0,0,1,0,0,0,0,0,0
Aiko,Active,IT,2017,Scale-up,Space,,,0,8.0,40.0,-20.0,3,133.33333333333334,11.0,3,1.5714285714285714,1,60,7,2,0,0,1,0,1,0,0,1,0,0,0
Vulcanair,Active,IT,2001,PMI,Aerospace+Defense,,,0,8.0,5.0,5.0,3,133.33333333333334,0.0,0,0.0,0,60,23,3,0,1,0,1,0,1,1,1,0,0,0
Planetek Italia,Active,IT,2003,PMI,Space,,,0,8.0,12.0,10.0,3,133.33333333333334,1.0,1,0.0476190476190476,0,60,21,3,0,1,1,0,1,0,0,1,0,0,0
Rocket Factory Augsburg (RFA),Active,DE,2018,Scale-up,Space,,,0,8.0,100.0,-150.0,3,40.0,190.0,3,31.666666666666668,1,200,6,2,0,1,0,0,1,0,0,0,0,0,1
OroraTech,Active,DE,2018,Scale-up,Space+Defense,,,0,8.0,60.0,-40.0,3,133.33333333333334,25.0,3,4.166666666666667,1,60,6,2,0,1,1,1,1,0,1,0,0,0,1
Orbex,Active,UK,2015,Scale-up,Space,,,0,8.0,60.0,-80.0,3,50.0,100.0,4,11.11111111111111,1,160,9,2,0,1,0,0,1,0,0,0,0,1,0
Satlantis,Active,ES,2015,Scale-up,Space+Defense,,,0,8.0,40.0,-30.0,3,133.33333333333334,25.0,3,2.7777777777777777,1,60,9,2,0,1,1,1,1,0,1,0,0,0,0
Creotech Instruments,Active,PL,2010,PMI,Space,,,0,8.0,25.0,10.0,3,133.33333333333334,5.0,2,0.3571428571428571,0,60,14,3,1,1,1,0,1,0,0,0,0,0,0
Oxford Space Systems,Active,UK,2015,Scale-up,Space,,,0,8.0,40.0,-30.0,3,133.33333333333334,20.0,3,2.2222222222222223,1,60,9,2,0,1,1,0,1,0,0,0,0,1,0
Triton Space Technologies,Active,UK,2012,PMI,Space,,,0,8.0,10.0,8.0,3,160.0,2.0,1,0.1666666666666666,0,50,12,3,0,1,1,0,1,0,0,0,0,1,0
Threod Systems,Active,EE,2012,PMI,Defense,,,0,8.0,20.0,8.0,3,160.0,2.0,1,0.1666666666666666,0,50,12,3,0,1,1,1,0,0,1,0,0,0,0
Shield AI Europe,Active,UK,2021,Scale-up,Defense,,,0,8.0,80.0,-50.0,3,160.0,20.0,2,6.666666666666667,1,50,3,2,0,1,1,1,0,0,1,0,0,1,0
ClearSpace,Active,CH,2018,Scale-up,Space,,,0,8.0,60.0,-50.0,3,100.0,40.0,3,6.666666666666667,1,80,6,2,0,1,1,0,1,0,0,0,0,0,0
ViXS Systems Europe,Active,UK,2012,PMI,Defense,,,0,8.0,5.0,8.0,3,160.0,0.0,0,0.0,0,50,12,3,0,1,1,1,0,0,1,0,0,1,0
Sistemi Dinamici SpA,Active,IT,2001,PMI,Aerospace,,,0,8.0,5.0,8.0,3,160.0,0.0,0,0.0,0,50,23,3,0,1,1,0,0,1,0,1,0,0,0
Alpi Aviation,Active,IT,2000,PMI,Aerospace,,,0,8.0,5.0,5.0,3,133.33333333333334,0.0,0,0.0,0,60,24,3,0,1,0,0,0,1,0,1,0,0,0
Composite Manufacturing Italy,Active,IT,2008,PMI,Aerospace,,,0,8.0,5.0,6.0,3,133.33333333333334,0.0,0,0.0,0,60,16,3,0,0,1,0,0,1,0,1,0,0,0
Kayser Italia,Active,IT,2013,PMI,Space,,,0,6.0,8.0,8.0,3,120.0,0.0,0,0.0,0,50,11,3,0,1,1,0,1,0,0,1,0,0,0
Exom Engineering,Active,IT,2012,PMI,Aerospace+Space,,,0,5.0,10.0,8.0,3,125.0,0.0,0,0.0,0,40,12,3,0,1,1,0,1,1,0,1,0,0,0
MaiaSpace,Active,FR,2022,Startup,Space,,,0,5.0,,-80.0,3,62.5,100.0,2,50.0,1,80,2,1,0,1,1,0,1,0,0,0,1,0,0
HyImpulse,Active,DE,2019,Startup,Space,,,0,5.0,80.0,-80.0,3,62.5,50.0,3,10.0,1,80,5,1,0,1,0,0,1,0,0,0,0,0,1
Constellr,Active,DE,2020,Startup,Space,,,0,5.0,80.0,-50.0,3,100.0,15.0,2,3.75,1,50,4,1,0,1,0,0,1,0,0,0,0,0,1
Satellite Vu,Active,UK,2019,Startup,Space+Defense,,,0,5.0,80.0,-50.0,3,83.33333333333333,40.0,3,8.0,1,60,5,1,0,1,1,1,1,0,1,0,0,1,0
Alén Space,Active,ES,2016,PMI,Space,,,0,5.0,20.0,5.0,3,125.0,3.0,2,0.375,0,40,8,3,0,1,1,0,1,0,0,0,0,0,0
Cosine Measurement Systems,Active,NL,2002,PMI,Space,,,0,5.0,8.0,8.0,3,166.66666666666666,1.0,1,0.0454545454545454,0,30,22,3,0,1,1,0,1,0,0,0,0,0,0
Astronika,Active,PL,2011,PMI,Space,,,0,5.0,15.0,8.0,3,125.0,2.0,1,0.1538461538461538,0,40,13,3,0,1,1,0,1,0,0,0,0,0,0
SatRevolution,Active,PL,2016,Startup,Space,,,0,5.0,30.0,-20.0,3,125.0,8.0,2,1.0,0,40,8,1,0,1,0,0,1,0,0,0,0,0,0
Destinus,Active,CH,2021,Startup,Aerospace+Defense,,,0,5.0,,-80.0,3,83.33333333333333,30.0,2,10.0,1,60,3,1,0,1,0,1,0,1,1,0,0,0,0
XCAM Ltd,Active,UK,2004,PMI,Space+Defense,,,0,5.0,8.0,8.0,3,166.66666666666666,1.0,1,0.05,0,30,20,3,0,1,1,1,1,0,1,0,0,1,0
Stark Defence,Active,DE,2024,Startup,Defense,,,0,5.0,,-100.0,3,62.5,100.0,1,100.0,1,80,0,1,0,1,1,1,0,0,1,0,0,0,1
Look Up Space,Active,FR,2022,Startup,Space+Defense,,,0,5.0,,-60.0,3,125.0,50.0,2,25.0,1,40,2,1,0,0,1,1,1,0,1,0,1,0,0
Orca AI,Active,UK,2018,Startup,Defense,,,0,5.0,50.0,-30.0,3,125.0,20.0,3,3.333333333333333,1,40,6,1,0,0,1,1,0,0,1,0,0,1,0
Cybexer Technologies,Active,EE,2016,Startup,Defense,,,0,5.0,30.0,5.0,3,142.85714285714286,3.0,2,0.375,0,35,8,1,0,1,1,1,0,0,1,0,0,0,0
PIXXEL Europe,Active,FR,2019,Startup,Space,,,0,5.0,80.0,-50.0,3,83.33333333333333,30.0,2,6.0,1,60,5,1,0,1,1,0,1,0,0,0,1,0,0
Starburst Aerospace EU,Active,FR,2012,PMI,Aerospace+Space,,,0,5.0,10.0,5.0,3,166.66666666666666,0.0,0,0.0,0,30,12,3,0,0,0,0,1,1,0,0,1,0,0
Aeroqual,Active,NZ,2001,PMI,Aerospace,,,0,5.0,10.0,8.0,3,125.0,0.0,0,0.0,0,40,23,3,0,1,0,0,0,1,0,0,0,0,0
Copercini Aerospace,Active,IT,2012,PMI,Aerospace,,,0,5.0,5.0,8.0,3,142.85714285714286,0.0,0,0.0,0,35,12,3,0,1,0,0,0,1,0,1,0,0,0
Techno System,Active,IT,2005,PMI,Space+Defense,,,0,5.0,8.0,8.0,3,142.85714285714286,0.0,0,0.0,0,35,19,3,0,1,1,1,1,0,1,1,0,0,0
Highftech Engineering,Active,IT,2012,PMI,Aerospace+Space,,,0,5.0,8.0,8.0,3,142.85714285714286,0.5,1,0.0416666666666666,0,35,12,3,0,1,1,0,1,1,0,1,0,0,0
SkyLane Aerospace,Bankrupt,DE,2011,Startup,Aerospace,,,0,5.0,-15.0,-30.0,3,166.66666666666666,2.0,1,0.1538461538461538,0,30,13,1,0,0,0,0,0,1,0,0,0,0,1
Excalibur Almaz (EU arm),Bankrupt,UK,2005,PMI,Space,,,0,5.0,,-80.0,3,250.0,8.0,2,0.4210526315789473,0,20,19,3,0,0,0,0,1,0,0,0,0,1,0
GMSpazio,Active,IT,2003,PMI,Space,,,0,4.0,5.0,7.0,2,114.28571428571428,0.0,0,0.0,0,35,21,3,0,1,1,0,1,0,0,1,0,0,0
EMXYS,Active,ES,2005,PMI,Space,,,0,4.0,10.0,8.0,2,114.28571428571428,1.0,1,0.0526315789473684,0,35,19,3,0,1,1,0,1,0,0,0,0,0,0
Aviospace,Active,IT,2004,PMI,Space,,,0,3.0,8.0,5.0,2,100.0,0.0,0,0.0,0,30,20,3,0,1,1,0,1,0,0,1,0,0,0
Leaf Space,Active,IT,2014,Scale-up,Space,,,0,3.0,20.0,-15.0,2,85.71428571428571,8.0,3,0.8,0,35,10,2,0,0,1,0,1,0,0,1,0,0,0
Satlab Geosolutions France,Active,FR,2015,Startup,Space,,,0,3.0,20.0,5.0,2,150.0,2.0,1,0.2222222222222222,0,20,9,1,0,0,0,0,1,0,0,0,1,0,0
Share My Space,Active,FR,2018,Startup,Space,,,0,3.0,40.0,-20.0,2,120.0,8.0,2,1.3333333333333333,0,25,6,1,0,0,1,0,1,0,0,0,1,0,0
Zentrum fur Luft und Raumfahrt e.V. Spinoff: Reflex Aerospace,Active,DE,2022,Startup,Space,,,0,3.0,,-60.0,2,75.0,25.0,2,12.5,1,40,2,1,0,0,0,0,1,0,0,0,0,0,1
Skyrora,Active,UK,2017,Startup,Space,,,0,3.0,20.0,-80.0,2,50.0,15.0,3,2.142857142857143,1,60,7,1,0,1,0,0,1,0,0,0,0,1,0
Pangea Aerospace,Active,ES,2019,Startup,Space,,,0,3.0,60.0,-60.0,2,85.71428571428571,12.0,2,2.4,1,35,5,1,0,1,0,0,1,0,0,0,0,0,0
Calidus Aerospace Germany,Active,DE,2018,Startup,Aerospace+Defense,,,0,3.0,,-30.0,2,150.0,5.0,1,0.8333333333333334,0,20,6,1,0,0,0,1,0,1,1,0,0,0,1
ARX Landsysteme,Active,DE,2021,Startup,Defense,,,0,3.0,,-50.0,2,100.0,15.0,2,5.0,1,30,3,1,0,0,1,1,0,0,1,0,0,0,1
Skope Labs,Active,UK,2021,Startup,Defense,,,0,3.0,,-40.0,2,150.0,12.0,2,4.0,1,20,3,1,0,1,1,1,0,0,1,0,0,1,0
Ubotica,Active,IE,2018,Startup,Space,,,0,3.0,40.0,-20.0,2,120.0,5.0,2,0.8333333333333334,0,25,6,1,0,1,1,0,1,0,0,0,0,0,0
Leanspace,Active,FR,2018,Startup,Space,,,0,3.0,40.0,-30.0,2,100.0,8.0,2,1.3333333333333333,0,30,6,1,0,0,1,0,1,0,0,0,1,0,0
Sky and Space Global,Active,UK,2015,Startup,Space,,,0,3.0,20.0,-50.0,2,120.0,10.0,3,1.1111111111111112,0,25,9,1,1,0,0,0,1,0,0,0,0,1,0
LeafSpace Italy,Active,IT,2014,Scale-up,Space,,,0,3.0,20.0,-15.0,2,85.71428571428571,8.0,3,0.8,0,35,10,2,0,0,1,0,1,0,0,1,0,0,0
Transcelestial Technologies EU,Active,DE,2018,Startup,Space,,,0,3.0,40.0,-30.0,2,150.0,8.0,2,1.3333333333333333,0,20,6,1,0,1,0,0,1,0,0,0,0,0,1
C3S Electronics Development,Active,HU,2012,PMI,Space,,,0,3.0,10.0,8.0,2,120.0,1.0,1,0.0833333333333333,0,25,12,3,0,1,1,0,1,0,0,0,0,0,0
BoostHeat Aerospace,Active,FR,2016,Startup,Aerospace,,,0,3.0,30.0,-20.0,2,120.0,8.0,2,1.0,0,25,8,1,0,1,0,0,0,1,0,0,1,0,0
Fly Synthesis,Active,IT,2003,PMI,Aerospace,,,0,3.0,5.0,5.0,2,150.0,0.0,0,0.0,0,20,21,3,0,0,0,0,0,1,0,1,0,0,0
EAds Astrium Spinoff (SNSYS),Bankrupt,FR,2010,Startup,Space,,,0,3.0,,-50.0,2,200.0,3.0,1,0.2142857142857142,0,15,14,1,0,1,0,0,1,0,0,0,1,0,0
GAUSS srl,Active,IT,2012,Startup,Space,,,0,2.5,15.0,-5.0,2,100.0,1.5,2,0.125,0,25,12,1,0,1,1,0,1,0,0,1,0,0,0
Qascom,Active,IT,2004,PMI,Defense+Space,,,0,2.5,8.0,10.0,2,100.0,1.0,1,0.05,0,25,20,3,0,1,1,1,1,0,1,1,0,0,0
Apulia Space,Active,IT,2020,PMI,Space,,,0,2.0,20.0,-10.0,2,133.33333333333334,1.0,1,0.25,0,15,4,3,0,0,0,0,1,0,0,1,0,0,0
Sidereus Space Dynamics,Active,IT,2019,Startup,Space,,,0,2.0,30.0,-10.0,2,100.0,3.0,2,0.6,0,20,5,1,0,0,1,0,1,0,0,1,0,0,0
Ororatech (IT branch),Active,IT,2018,Startup,Space,,,0,2.0,50.0,-30.0,2,100.0,8.0,2,1.3333333333333333,0,20,6,1,0,0,1,0,1,0,0,1,0,0,0
Numalis,Active,FR,2016,Startup,Aerospace+Defense,,,0,2.0,25.0,-10.0,2,100.0,4.0,2,0.5,0,20,8,1,0,1,1,1,0,1,1,0,1,0,0
SnapPlanet,Active,FR,2017,Startup,Space,,,0,2.0,30.0,-15.0,2,133.33333333333334,3.0,2,0.4285714285714285,0,15,7,1,0,0,0,0,1,0,0,0,1,0,0
DLR-spinoff: Kaerus Aerospace,Active,DE,2020,Startup,Aerospace+Space,,,0,2.0,,,2,133.33333333333334,3.0,2,0.75,0,15,4,1,0,1,1,0,1,1,0,0,0,0,1
Polaris Spaceplanes,Active,DE,2019,Startup,Space,,,0,2.0,,-80.0,2,80.0,10.0,2,2.0,0,25,5,1,0,1,0,0,1,0,0,0,0,0,1
Bluewing Aerospace,Active,PL,2020,Startup,Aerospace+Defense,,,0,2.0,,-30.0,2,133.33333333333334,3.0,1,0.75,0,15,4,1,0,0,0,1,0,1,1,0,0,0,0
LatConnect 60,Active,NL,2020,Startup,Space,,,0,2.0,,-30.0,2,133.33333333333334,5.0,2,1.25,0,15,4,1,0,0,0,0,1,0,0,0,0,0,0
Exotraon,Active,FR,2019,Startup,Space,,,0,2.0,,-40.0,2,133.33333333333334,5.0,1,1.0,0,15,5,1,0,0,0,0,1,0,0,0,1,0,0
Stellar Navigation,Active,FR,2020,Startup,Space+Defense,,,0,2.0,40.0,-30.0,2,133.33333333333334,5.0,2,1.25,0,15,4,1,0,0,1,1,1,0,1,0,1,0,0
SIMAV,Active,IT,2015,Startup,Defense,,,0,2.0,10.0,5.0,2,133.33333333333334,0.5,1,0.0555555555555555,0,15,9,1,0,0,1,1,0,0,1,1,0,0,0
Apogee Networks,Bankrupt,UK,2015,Startup,Space,,,0,2.0,-10.0,-50.0,2,133.33333333333334,3.0,2,0.3333333333333333,0,15,9,1,0,0,0,0,1,0,0,0,0,1,0
Spacemind,Active,IT,2017,Startup,Space,,,0,1.5,25.0,-10.0,2,75.0,2.0,2,0.2857142857142857,0,20,7,1,0,0,1,0,1,0,0,1,0,0,0
Pininfarina Aerospace,Active,IT,2019,Startup,Aerospace,,,0,1.0,30.0,-20.0,2,66.66666666666667,2.0,1,0.4,0,15,5,1,0,1,0,0,0,1,0,1,0,0,0
Protospace,Active,FR,2021,Startup,Space,,,0,1.0,,-30.0,2,66.66666666666667,3.0,1,1.0,0,15,3,1,0,0,0,0,1,0,0,0,1,0,0
Spaceway,Active,PT,2020,Startup,Space,,,0,1.0,,-30.0,2,100.0,2.0,1,0.5,0,10,4,1,0,0,0,0,1,0,0,0,0,0,0
Iosco Aerospace (Romania),Active,RO,2015,Startup,Space,,,0,1.0,20.0,,2,125.0,1.0,1,0.1111111111111111,0,8,9,1,0,0,0,0,1,0,0,0,0,0,0
Orbital Matter,Active,DE,2021,Startup,Space,,,0,1.0,,-80.0,2,66.66666666666667,5.0,1,1.6666666666666667,0,15,3,1,0,1,0,0,1,0,0,0,0,0,1
Pixxel Germany,Active,DE,2022,Startup,Space,,,0,1.0,,-50.0,2,100.0,5.0,1,2.5,0,10,2,1,0,0,0,0,1,0,0,0,0,0,1
Zel.fr SpA,Active,IT,2019,Startup,Space,,,0,1.0,30.0,-20.0,2,100.0,1.0,1,0.2,0,10,5,1,0,0,0,0,1,0,0,1,0,0,0
Nimbus Aerospace,Active,IT,2017,Startup,Aerospace,,,0,1.0,20.0,-10.0,2,100.0,0.5,1,0.0714285714285714,0,10,7,1,0,0,0,0,0,1,0,1,0,0,0
Apogeo Space,Active,IT,2015,Scale-up,Space,,,0,0.8,30.0,-50.0,1,32.0,5.0,2,0.5555555555555556,0,25,9,2,0,0,0,0,1,0,0,1,0,0,0
T4i Innovation,Active,IT,2014,Startup,Space,,,0,0.5,10.0,,1,33.333333333333336,2.0,2,0.2,0,15,10,1,0,1,1,0,1,0,0,1,0,0,0
Space Factory,Active,IT,2015,Startup,Space,,,0,0.5,10.0,,1,50.0,0.5,1,0.0555555555555555,0,10,9,1,0,0,0,0,1,0,0,1,0,0,0
2NDSPACE,Active,IT,2019,Startup,Space,,,0,0.3,,,1,50.0,0.3,1,0.06,0,6,5,1,0,0,0,0,1,0,0,1,0,0,0
AInexAir,Active,IT,2021,Startup,Aerospace,,,0,0.3,,,1,37.5,0.5,1,0.1666666666666666,0,8,3,1,0,0,0,0,0,1,0,1,0,0,0
Airizon,Active,IT,2022,Startup,Aerospace,,,0,0.3,,,1,60.0,0.3,1,0.15,0,5,2,1,0,0,0,0,0,1,0,1,0,0,0
Archimede,Active,IT,2021,Startup,Space,,,0,0.3,,,1,60.0,0.2,1,0.0666666666666666,0,5,3,1,0,0,0,0,1,0,0,1,0,0,0
AdapTronics,Active,IT,2022,Startup,Aerospace+Space,,,0,0.2,,,1,40.0,0.3,1,0.15,0,5,2,1,0,0,0,0,1,1,0,1,0,0,0
3IPK Bratislava,Active,SK,2015,Startup,Space,,,0,,,,0,,0.3,1,0.0333333333333333,0,8,9,1,0,0,0,0,1,0,0,0,0,0,0
